id,email,password,handle
1,ljune0@jiathis.com,$2a$04$iQqmpfCaaKRrqvQtkZ.CtejKPDtfnyJtvYPGe1a22bbbYE8XNaXiC,eellaman0
2,edungate1@sciencedirect.com,$2a$04$5XzhhJlYFGEJ34c9pj2V4u/4DxPpI9gXNi3yelg1FdKdIeNayQCIm,ncammell1
3,ipurslow2@wikipedia.org,$2a$04$7JAXYXeOgK1E2sKy.T5kTuiilZBudCxj.DmW6mElDHLemZ2J8UrR2,jmorby2
4,mshalliker3@twitpic.com,$2a$04$RTUBpVtifXPAwDGLjAtHwe20BUzEYtkCP5xgMIMs2ieemn7Lt0NL.,hsarten3
5,tdebruin4@samsung.com,$2a$04$4grro7iS3QP/DjTvvzjVvu3zDRqT0f6o7ueHhRaJO/ND8w3875eve,tlansdowne4
6,amacgorman5@tmall.com,$2a$04$6VYQcH8d4smrhxrJiu3Hy.DPYHEGsembGRFb9h2MPUfd8e1uJULWO,bfriel5
7,efrizell6@shinystat.com,$2a$04$BXI1cs3n.gVprGOd48UvOO4b47AtNQeW8HedbYEHUezoVG8ktllF6,bscarrisbrick6
8,kfolbigg7@flickr.com,$2a$04$m9tLzqb0CEGP8bUjNJeMA.TH3KTWguwysKfMchjQN4nnsZJYUD.jq,rwalsh7
9,ccromblehome8@statcounter.com,$2a$04$NM7IYOV.iEhQyl5xpBJUsuUIb63BzntmBY3bw242/MMlvLEBfOhu2,jhuton8
10,phartfield9@ca.gov,$2a$04$Et8nqZY7dKCcU5gTHOTuDO4CYyRHqx1NGUzMWj51eMwNG1O5COTFG,hpywell9
11,fsestona@mozilla.com,$2a$04$rNJmIFfJdHAg4J.HiIABGeSx5En.m914/IEVUp8Ccqw.JdUFQJUVq,sfirbya
12,rdumphyb@printfriendly.com,$2a$04$B8xmcYHNZL9EhlXAAj56teGhlAJg65dcBKZOmN1jODlT4meWbooiC,vmcmeanmab
13,jbernardeschic@toplist.cz,$2a$04$Nr3d8OEZlfUM4uvCb61QiOscfUUEK39zOq3DmXAS9UG3ZNXPxKEG2,hchartrec
14,lkeelinged@jigsy.com,$2a$04$OtCsd2yTRxkB2AcFywPNXujE06oJy/9fMlUWl7ucvmTHqx0UzzjmK,sfeldmarkd
15,bfullee@wikimedia.org,$2a$04$xWJNl5gul2C/jEbMYuuYkOlEmzdl0aEQNq/1zITOkozbhq8oSgsz2,bcoraine
16,mhaddonf@ted.com,$2a$04$b4E4gzdBzxHYTeruXZ.LB.4AEqpu01bfZB2rIQzgoXtrvSG.hAUqC,mnovichenkof
17,fbooig@smh.com.au,$2a$04$XX9d9qDcuA1Yl2qKAjCW9.e6lI0mt.LKc8uA9Jex1s0nPih71g9x6,fsheddang
18,spetegreeh@shareasale.com,$2a$04$X5ygTvpadjOkKOda64snZu59PGkPoM5ApmA9UGru2OeW1hbOtT4jC,agatlandh
19,odegoixi@engadget.com,$2a$04$nlW16I3C6nwgfXL2QyP9D.FPTM7vUYRTbzIXfYWl56BYQftW8KqEy,khaslumi
20,rragsdallj@nature.com,$2a$04$iQIRXMsFmBbnP6NtRHApW.dGvw4kFsZWw9w5KDwQZivhcf4m12J9O,blaxstonj
21,bferfullek@toplist.cz,$2a$04$9uZeNaIn4LMeBAjTcq7EpO2c7yKPZzz84/lx1NYcrc..8sHaemRo6,thugink
22,edictl@elegantthemes.com,$2a$04$.eq.lWg7Mthgz4IBxOHHvekFDJZuH4DXHywicZmHMjTmhjvDLcfFa,jhubachl
23,dnickersonm@hostgator.com,$2a$04$V1ZyjScmbd30g0G0f2JHTe2SPTIPaFaaK5t1x8E2sScG2/FMlp3UG,sscoreym
24,rtorrn@soundcloud.com,$2a$04$ceCZwghIJjcGjpSZX.7HXOn5qi3WMFhI0bY86a.k.TbUFoxhB/fda,fbeardsleyn
25,nconnoldo@cpanel.net,$2a$04$GJ0B2z42oZjPuESAoQfNpuLMfFTjAdZTQTIR9.fPwf862XQK4U0jq,vstockero
26,rdodgsonp@tripod.com,$2a$04$wYNbb3MUIwoOUDEgiK4pHeTEG6VppQpnTYtATgXhGVq2cRrgTYjAy,sfinkerp
27,rzimekq@alexa.com,$2a$04$FQl2zY8/9.xKkCf.PD1r2.o39ypwFS9My9qQjlv8AOzCcTGVXFDOG,krobbelq
28,esorensenr@skype.com,$2a$04$zazHJadbaNossOgwQyj2ouInSqPghZS5PvFN8E3BYT2yhxaNYWLLS,ksandcraftr
29,aogilvys@wikispaces.com,$2a$04$EauN3MCaGr4h/i//QMJXpuXfnrOX9B9TnTDv3.w.JWw7HS2exLID2,pennews
30,dburgt@g.co,$2a$04$a0Zu0aGLwhBqPiv/tvusJueXRsuey7LRr98y7v1BoqWjJVi1mHGyG,adukelowt
31,bdumbrallu@mail.ru,$2a$04$DQBifwOOTElgmmr3dNdXr.E2BqFp/qGZ2HuYPrpiF./YBpwshl1f6,ekaasu
32,cpithcockv@theguardian.com,$2a$04$UhUKehQNqI0irwrXAD5ojeYQITFBY3mRPfVN2G5E6mkXq6DXB9bE.,dstacyv
33,lgrishmanovw@people.com.cn,$2a$04$um8cb5hh8ji3THfbms2aPOggI.gbrd9Aix6mW3oHTGpkKtwxCsH0i,mguerinw
34,rcloustonx@answers.com,$2a$04$x48/g4x28XS7Y1i2CA.BW.UBCOEOIIF3zXjKlN2EtHQQuDDSHX07W,rlyfieldx
35,slittlery@nba.com,$2a$04$gm8BxeyDUe6mtYAn7U4Sw.SMF9oP1ome3q7rqkmYmM7dMUrlbXrra,rnewburny
36,vwarnerz@dropbox.com,$2a$04$b0CQUKqaEKfgg56qmVv4cO.N/2Z0uoOrgGif9C9cMFO8ZqWVX6qVS,ltolottiz
37,imcgavin10@ucoz.ru,$2a$04$XpJJeX7csnFPXUgktLXNN.an7rH1O920fW/v32Gh248G5Rpz.pQTO,krapin10
38,nbacks11@webnode.com,$2a$04$BIpz/a6cDmQ2EWLQrgdShe/mRphRXDk5U3hy9n8PT5qZR2XVktmNi,dtideswell11
39,aelfleet12@theatlantic.com,$2a$04$4oHX3LeEu/5M1H3DTTFVIOhC6/rNq34e7nhZyvQaTMLvt8rwl42iW,btharme12
40,nhaggeth13@wsj.com,$2a$04$z14/ygkZQfEXOFQ0m3Sbaerxk6AUdj/27C4SSSiRuFHBoW9ORH3eO,zbrain13
41,llonie14@globo.com,$2a$04$UzkMf.TKxEnu/25ys9ue1eM4KKIAiH/OGPu7LRcbZ0siJvb94dLlu,scolquite14
42,btregian15@constantcontact.com,$2a$04$Hdp/sVrihp/e9XSP92u.OODRwLg2VUN55sfHqIE0Rykpkyp9PpGdu,ladamini15
43,eflexman16@taobao.com,$2a$04$f2RsB6Ky.coapHQoW.U3LOiBuXNpdJDzSlefAdvzm/Sm0ntfQ2JbS,fimmer16
44,cmcinnes17@reuters.com,$2a$04$.XQdsKlITl3XgeUNRJMUy.A0SLmVlderUQW8cj1HLHA5g9xgJJgOm,thubeaux17
45,ktraves18@joomla.org,$2a$04$F9LRyfBwQRmCO9wESezhBOy7NSntNIoAz83zpad6gEznmyDe8CdLe,cvenny18
46,kchamberlin19@sina.com.cn,$2a$04$etmKkzpSRQ30E3XH/xAjvunkHFYuoUPYGjwtmOzEcw.68MypiU0zu,jsnaden19
47,tknight1a@printfriendly.com,$2a$04$6oJxgbqKAzPq2pqDRbWM5O82aTisTVLel8.GVzcp5e6ndbwR2jqYy,adacke1a
48,svooght1b@statcounter.com,$2a$04$odbpOSKfxn.5kLcDSyWZsO69U/wmbT1zSKA69pmEscEMRKZmwRL/.,ppoolman1b
49,cmckibbin1c@senate.gov,$2a$04$Xy8.H/9kjzJyRCty9oYjd.6KToaux4UWv1mfCHpXn/Fn8jCTyNRV2,dshelmardine1c
50,abarker1d@hubpages.com,$2a$04$1GQJiivW/6RbkNSg8V/Ehe256Uyuxb5x6QhDKTFnHic8ev5CM5qCO,tmclauchlin1d
51,cghilks1e@yale.edu,$2a$04$VQIig5.Irp5JuodmBMgYluQs5BG/O/25LloIxsnyczhiI9Mm1Z4ke,hdiggell1e
52,lwellbank1f@omniture.com,$2a$04$SuB.51plH03ylv2ldE.k/.LyD.1HpCqbplWu935pvjKBGp4XLva1y,skeford1f
53,groskilly1g@wisc.edu,$2a$04$FejmP3Hh2rjuq7RKaifUQ.JyyeOaCTGcqJmwOzfxA39HtTUUPlqsm,kheadon1g
54,kredmile1h@sitemeter.com,$2a$04$k5uc1FSRCBuqtUqMmdEg7eON8/xFDoZM/715mMNyZh1s2CSBKwEGW,mpabelik1h
55,lcrump1i@cam.ac.uk,$2a$04$wyhjrdK/Dt6AFplI.zCBeem/usJ6lA1g0NW05FAO.js/YlN5UT0Eq,rbusch1i
56,wmorphew1j@symantec.com,$2a$04$aYXHcQy1H1AOuuB0PfarQeSR..J/afQLs/SJT8BFdGzzHds5FdwCm,bchatenet1j
57,ratwood1k@elegantthemes.com,$2a$04$YNBIA0RT.BIqNYWHowMwFuUq9q8IwdSO1GxJd1FI5mP.qEBGawDSC,vscipsey1k
58,esorley1l@sogou.com,$2a$04$r.eNYGJ.YSDh2/VE/8TfDuguKQ1Xndv8k9a0lGuCtRWwx5zRrXSWW,abend1l
59,tlippingwell1m@bloomberg.com,$2a$04$bI0wNeaMFGHzwNoJIZdzPOuFORHbJ6r9Oc8ozjkqkwEQTZa9O4xNm,ymcfie1m
60,mtejero1n@merriam-webster.com,$2a$04$bi66EA7rIWNx7bwFPauet.XsigWhwok7LzqfIr9taxGojt3s7BJ/y,pcawley1n
61,sicke1o@craigslist.org,$2a$04$aWvNXHi9Jq2JDvGu5Y5xc.1QbEedyqcwSfrhhkdaU6QF2Wrbsh0f6,gokenny1o
62,mrhelton1p@drupal.org,$2a$04$QUQCWPenztVIkQFzpKGBcu6QP1xSB8ILMt0QZEw.sGOu7a.cUJEAm,jdeye1p
63,jlarcier1q@independent.co.uk,$2a$04$WJx3gOfYPeK/1xWZCL.KzeODLyxsCNDqmhTHjRIXx0GUqT/s.mvdK,lpaulillo1q
64,dblasli1r@joomla.org,$2a$04$FO0LslRi0jihZ/gjHAc.UO742O6YmYaJ5ylV/cS9kbYgQcML9h07u,rvanoord1r
65,jwigfall1s@answers.com,$2a$04$Rnu.xagNEfItk2R1wKEoROAiGRWJfUb21iruWhVv3mx2Rs5q3P36K,pgutteridge1s
66,atillyer1t@loc.gov,$2a$04$gk1F3hJBXNnIijU150QbtOd5FqgofPcafbuUqoCXUnbOZvQnnZGgm,afrankling1t
67,vwyd1u@elegantthemes.com,$2a$04$JoZT8GUgM8z7Z8lhFFreYOv9GYgMYmZDD3AQJK5N1Z7j8kHeQY.pS,abiagi1u
68,bbleazard1v@nhs.uk,$2a$04$3Bf.ffV0uF1oA.dyAQ7rie17VX5lMCgjwHhMTZusZmNT9hiXrK3ai,kkirley1v
69,lcosbey1w@deliciousdays.com,$2a$04$5DUU2D9ig5LHl7QKBqc7Q.gMR.LPr/BfjopAON3JK3uIm9Y46kq.a,bgobel1w
70,shalfacree1x@intel.com,$2a$04$1tqmhZG2eNeI2HLLSyG2JOjHyzi4ZR3m7iQmCpezXRhTt7DTcrFM2,hravens1x
71,aaxston1y@diigo.com,$2a$04$rZt1VEuIeMJdWtpVwCTHv..7H.xLYkFrlUskHhB8UMj0RIU7tlcH.,klideard1y
72,lwanderschek1z@bloomberg.com,$2a$04$ZElWBsrFoAGqgur27eqzPezkcYSzV4tyvc0F1syWtuWtHHvd7XdEi,ebirkenshaw1z
73,lmulbry20@digg.com,$2a$04$BeSjXgi8wSY0ciWz0viYs.qsU0ahakBOMENaKJSx/44xRGlrDJetW,ktumber20
74,jlenoury21@hugedomains.com,$2a$04$i64CoLM1AdUIy7ptq119Oe7ORyifqYB4xzpZ24XD3h1aFQNgCMtJq,meisikowitch21
75,rjorge22@drupal.org,$2a$04$FL1AvOPtbLLx1fFO9ZvYeOC9lRm20HYhBaEpNOAnZ8BbFk/Y1ImKe,ayurov22
76,dthridgould23@e-recht24.de,$2a$04$wylKbRgIsDddb.ahA0rX5.jBOoxd7otaBoS2Glr8Oq8uMlAjs5PEO,tcoenraets23
77,gflode24@cyberchimps.com,$2a$04$6tKr3lO2gQOyOTGIPO7qm.piGEJFYnrVxdoraANgNvSOF3a9Uxj6u,klambillion24
78,nvaney25@cafepress.com,$2a$04$jN.pBN/l4rJTemzz7Fu6D.Eoysopm6I6yDjN3c5q9TuX91sZy1lUy,alotterington25
79,slantuff26@npr.org,$2a$04$KKpxiYOZhPP6a8McVnxDkO0t0HJ7isqDS.0b/edQheijnSw5EDoy.,mlakin26
80,dkyston27@weebly.com,$2a$04$ffAGK1KfcOEb6U1Plag7wONNwpIWHsJqab4lg.inIDnT1Xu9yaSe6,gtollemache27
81,eepton28@homestead.com,$2a$04$bJKSwywmx6USZSi8DO67i.uccWNOWUikpVk4lKuhBi3rsLQkEgAku,aadran28
82,cwoods29@chronoengine.com,$2a$04$tpG.Ovjbb6QKL3y7g3cYluiwlyIqFd9TwLvcNqYDM9xNnc4zm1WoO,grosbrough29
83,roldacre2a@google.com.br,$2a$04$OZSsgaCY.K8B5Jf2XS6YgOLvXuaYFTjwnvn4U/cQNuaRz4QrhaHki,jforty2a
84,dcoyte2b@infoseek.co.jp,$2a$04$B8CCP5vfyVCOK2ffPq9SR.2ogNYvlrdn6nmf2igFSLHENrk9vQL1a,csherrett2b
85,kfletham2c@woothemes.com,$2a$04$..MglIwHIIYp6vvw1YIYNOBH6xNDTeUuZNbQmY6H8srwBXDK4CGRC,gheeley2c
86,pcollinette2d@theatlantic.com,$2a$04$uyKqo56QxkEnxIAxuMIcrOYFs/81sxrHto3UcAUZVK8op/93U7tXy,jtanser2d
87,aboardman2e@clickbank.net,$2a$04$u..2h4a6kKUkR2H7l12BQeJAkTsNn.VoS2SJNEWS.somFKWhGCdw2,nneiland2e
88,bsumption2f@umich.edu,$2a$04$f7yrbE7WororMhII072Tl.J7II9rVyDaidqlN8HVfkr0EQ5CaXTTm,agloyens2f
89,jbudden2g@facebook.com,$2a$04$w.ILqyF7N2HDNw.T9QhFQuEnxrYEXu6xBUXGpzprvGQdYgMglcKbG,lgetch2g
90,truegg2h@constantcontact.com,$2a$04$ssZIjHANBttDEGERuRffguz5fdfQ1qnxW1l.FBXi1KkX5orjTQqDy,vbend2h
91,iwensley2i@latimes.com,$2a$04$irqQBGGu/tC2hUEdA9aQT./gPthGy8gXSKM1kYW87JUbxwjQOPvoW,gcromly2i
92,kcockill2j@businessinsider.com,$2a$04$cuhMUo1PzFx2ks47K6JMlOwP3mRSDqHU2ZYRr/UpI/RReoOkwh8vK,fstrond2j
93,cchaimson2k@photobucket.com,$2a$04$3Ng6KOPBZHvcO21YJ6DQv.55SR0.v9JuFB2QiIqq0AOIye5Xvcgzy,cchasier2k
94,kpopplestone2l@oracle.com,$2a$04$id0ZnG0qV5S8uYocFdXzSekD9yTqqF2bUmlgSN7OR5tAceHf2uLky,zmaffiotti2l
95,msmickle2m@360.cn,$2a$04$CUvDcCvTB.QJnYEjC2KtzeE02eiykirZPjcJD86I2Ai1CQGG.ZeEa,cliddiatt2m
96,jneggrini2n@scribd.com,$2a$04$L6YnIbDAcD4EhZiqFnHNQ..C43gGm4aZzE0sh7xcR0vDkJxqndseq,mbromby2n
97,aolorenshaw2o@addtoany.com,$2a$04$sWe3aelIcdmiSnWQ0P7QEuzmxxy101gFjKGbx4KqiighIastRcFX.,pchinnery2o
98,gbryant2p@youku.com,$2a$04$7tXJi7BK4PaomUnqs7u1jOCRq6TKKGV1bTJEIZjgQ5XXHSFIZ8H6W,dsonner2p
99,gcoles2q@simplemachines.org,$2a$04$ZNAQuL7gXOBdc21ONhl2jeoKmCGuKXyxixwOBebJnTHQ1UfsdCkbO,hmaggiore2q
100,erase2r@storify.com,$2a$04$nk847IcGM.9LaJj.QhyEcu0ND5DkapK/jJO6KnrozNc8hYL5ZriE6,bwitherby2r
101,kpenhall2s@godaddy.com,$2a$04$iikuyFxgxPnu2P1Dj.E3IOuI1.E2Zv0JYGa8jOaZLqaOxTyLrv65.,lthews2s
102,efarenden2t@who.int,$2a$04$OR5agUxVMabX/XyS2VKZOe10N7L4YFntcP8cAC4i30gyVH9L0JgFS,nmesser2t
103,ncuddon2u@cyberchimps.com,$2a$04$lRaKF6CdYt93V5g9SoL1he50GvZWgGFTzbG9K7OWFaVLDkFMWocWi,tbellhouse2u
104,slampbrecht2v@yahoo.co.jp,$2a$04$eulIYYt5lkYY7Ubi7VBZ3eWFQMRYJ6ZU8dDivzDEhELH1syHaSd/K,blillicrop2v
105,mmadsen2w@forbes.com,$2a$04$FQY6ik9Hilffwe5DdAa5ju4.ptuOQMfxx2y9xxxqKflJWxzGbgRe2,rfloat2w
106,mheibel2x@state.tx.us,$2a$04$Mrycr.BnsnHbVvPhwBKZ5OjBGylB8xkoCDJFAO9MCm1pnFsef9dUC,plade2x
107,rcaramuscia2y@squidoo.com,$2a$04$iMy7RV5cVTWiZHhAGy4lVOGrZu4Pq2r2eYTlom023xbLrTx/hGxba,pmoatt2y
108,fpoff2z@cpanel.net,$2a$04$1czxNr4z3dIgzLaI38ulBeb9WGd1OA3HozvD9rhB.z8ZtA3BbCbiq,cwaterland2z
109,tcalverd30@whitehouse.gov,$2a$04$C1yoIRuGOxX0g7b.juofYuhKNRqRgWmxwcQFYnPoWlzeBlOzjgsN6,hedlin30
110,scrack31@ucoz.com,$2a$04$bJlfHi/ObR0sHmWN5g4eC.0fE1eyKJ5zxIMnl9v1xQrrG4VESTNAq,mrabbage31
111,hturone32@theatlantic.com,$2a$04$iy.Tk1g0rGnHtOn3jhJnCeBNVtRiRcmxWXzLV8nVFvoFCHeeuXlTS,oepinoy32
112,cashfield33@stumbleupon.com,$2a$04$/bHJwDhQ9S1spGBBcMhBsuWlzPWrtc8lrYufXrV6CUWOyTAU9a8Tm,dloadwick33
113,ccrust34@is.gd,$2a$04$cNLCZ9GRNTESOCEPspDCsOPhlYpYqJ84fZoevbdz8RobWZrfLWWaS,rcosslett34
114,mreekie35@tinypic.com,$2a$04$LaUBB8CVwvuz2Jv/rcDOC.zhO/v7uQQUf4rpm/tJzuoadcMJhX5iK,hlanney35
115,lstripling36@elpais.com,$2a$04$T3qn/Bd1T9HX/XX8pGig2ed0.5DSKUnkG9yyHyY.W9rmXBMDmatCy,tscargle36
116,grush37@booking.com,$2a$04$t/HULFi..jE3R/n8hNrmY.I5Lgx3PCD5BOyWMemK.qUVICVXML7gy,dmaciejewski37
117,hpolye38@cnet.com,$2a$04$eLa7UvI6szydVO82ZmLLWOcx7HYiCFB5dKBj4CR2T.L0u24tXE4uS,raysik38
118,ssaintpierre39@simplemachines.org,$2a$04$jdGrmVgripPTLFWHurHb8eLqz7.65fvu9/DL/i93pacByEi1avrAG,wgrossman39
119,ldykins3a@chronoengine.com,$2a$04$d5Wfqz/ZmjS4EIQCd9KbAOTtQUNBjvqNgTo8nEGhpFL0Ktlu0vTle,eelrick3a
120,cshaplin3b@wunderground.com,$2a$04$QlnbkZR1fhZJiXU2wG2R9uq0n.dezJ5ODbhAfk/70LSLBZoCuTp4G,qlittrik3b
121,ncannavan3c@drupal.org,$2a$04$/FRV5izNZn6hHAf6Sj1aUe5nfvbnSXqhJEHSO5bqG5pnk.EZnX13.,kskilling3c
122,ebedford3d@globo.com,$2a$04$Q8bhtDsRY3BfOR7tcVSurOXr.P2bb8LAdYvAPZWdKKVny3VWH6Fma,aricardou3d
123,vvallentine3e@wix.com,$2a$04$Yzc1Ar/q6z7A/PpRRUq.J.oErRyRTFOOMdjOmTUBdIuqhJGg5LV62,ecushworth3e
124,ifice3f@howstuffworks.com,$2a$04$RAqyp0Hv/HLlA40JecfbJeZDO3BmsU6BaxywZd3zkQol6ftVV6ATe,hlawful3f
125,sdavidovich3g@icio.us,$2a$04$IeoShdnnD9GmDLXlj4HluOfHHemGtxJPIpnv1N03PY0X7D6qvdWH.,ehearnden3g
126,gcallear3h@youku.com,$2a$04$btTxSI3esLQHLJrt/he0/OLoUgruK1DvzNL.dE0Th1ThrM3Skpaza,ibelson3h
127,hhenlon3i@cbsnews.com,$2a$04$XEFiCsH/QUs/RIbLqMuPxuBdfPSzw.tBVOgQGGoplUlzC3fPXo/Zm,jconnett3i
128,clowing3j@icq.com,$2a$04$PCH8Vyhdb7hcK2x6IGeGDuZKTuFLvhwUItmMzAGnLTkcknLG8zNmG,dscarce3j
129,dpickthorne3k@miitbeian.gov.cn,$2a$04$LrmLQ8REq0h0KXVqyyZAcexyUnRTm0Fy6pUh.qiM8xz/Oj.WL/jxS,pflay3k
130,mleidecker3l@google.co.uk,$2a$04$JwvSuyrWHEIdEtEdrJUbsOiY0dbiGP5Kr51pH.cHVz2Sf9Qh56lry,jlunk3l
131,moldershaw3m@4shared.com,$2a$04$kipoDUJoZ3EOkqtvU6oB2OSY2GfvFCSL1.MiN4qA34X6mpNaOqhSq,scowdray3m
132,nbrickhill3n@soundcloud.com,$2a$04$OKJNMflqYD36wuupUGcnxec6JQ0WUzxpRdMQwjxhnxETm6kVUEEi.,jbishell3n
133,abridgewood3o@netvibes.com,$2a$04$wl5/Thr36KUVDd/KOGBJt.oebQ9ROLNlNp.J.aYJqIgVa8af/TXSK,mroutledge3o
134,gsommerfeld3p@ehow.com,$2a$04$EN2xTOi5CZAODwfgmgmPFOwMzatbpPzs3wUDPdM4XaP4yzcItX62G,kgerrit3p
135,kwarr3q@netvibes.com,$2a$04$UTstL.y.RcioeKI6TOeSt.AxRqGzcOljYYkVj42Ud37Bs3fJiobOq,bskipworth3q
136,tferris3r@1688.com,$2a$04$0tR7vQqhyUx0l5708e7boOEIuZSM4i1oXxdrk6cCxcHUwxI6dHpdq,djanoch3r
137,boldfieldcherry3s@scribd.com,$2a$04$iZ9RcmI6Oa/1MNKAKzQDQeOv93pp0BD/ChZLiJbR3veDvakUqXSeO,sdutson3s
138,ctimeby3t@noaa.gov,$2a$04$4yDoVakC1Q0l72HAEY0cDuYjrsCuuXQcMD3mXEKiAPU9vORttkrW.,jeminson3t
139,rgrisard3u@google.pl,$2a$04$nAONYJHueQA45LZzwzzxred.H.eOdm.SAcMv.OoFGSI0oO.sEOXKu,rbrandsma3u
140,bspeerman3v@telegraph.co.uk,$2a$04$eTPPfG4kD571wfeH8rdSse.XmusSElgH1nL2CH7jrcf9HIVhkWzQC,blacer3v
141,csline3w@who.int,$2a$04$WlPhaW8N8hN1Y1qd.fH2lOs/EeXKTFRReRlD/iKQhx/zq83EQ2Jse,sfreemantle3w
142,ukrikorian3x@blog.com,$2a$04$DwrQIrtXzM2aRQWtQewf0eAQxAIYmDgeAD76YQDB5fyAIFtNnP0Nu,jhussey3x
143,sbiever3y@aboutads.info,$2a$04$GMZlghMaUdozZDPFJ2vgzeIPliiZ.QbEyqESZfKz4FvLgsVlDpM0m,crutigliano3y
144,jmcclay3z@geocities.com,$2a$04$CCIPP/ttuoS6bclRYawIkeK6iZe2JwALv87gJ.HrY24L9g6slkSjO,trainsdon3z
145,sthow40@oakley.com,$2a$04$jGhK0J0ec9mk.73oSsagnuOwxF4kjqernCGZToxnEm0ob0LUcteHS,paxelbey40
146,bstoodley41@dropbox.com,$2a$04$P9GvOSz4F07WKaQHq0umfOb/H99caC65loFxj7CyjufW0bzi6L6IG,hdatte41
147,mseymour42@macromedia.com,$2a$04$B10OvxdiI3ntWnVah3wKJ.NtUXL7boIMESQynaGaFtVjm8jf.te0q,fwille42
148,pkay43@github.io,$2a$04$pMWUxhhCReuVXQgk.Alxcu6vbqPpWMWzvJsZbvR4hwn2cFi9Yary6,ccurman43
149,skalisz44@wikimedia.org,$2a$04$MT9TDVTaukqR2NQj3S5GYOgGs.gul5crUESuDthwtI9odMX6Q//Je,mrackam44
150,hcurtois45@wordpress.org,$2a$04$srNudRnG2oBKpHynFzLEy.hfC0WDUvUk8hLCmFJWRd6beQLWprZUW,mgiacobbinijacob45
151,rashforth46@cbc.ca,$2a$04$Sr9UuGvG9kWH0n9HNaV3wucgeB24LgkxzQeeTK2qntcSpDrf6k6.y,jgabala46
152,iwilkinson47@cam.ac.uk,$2a$04$RqOhBOX2ZGlNWJBjhi4pzuikACSBMITuTKl5xbTcLd9fYMB.MOFNO,ryexley47
153,lbohje48@irs.gov,$2a$04$xDQn29iU27Vr7fHVVAkV9OwbsV7blNwezkNOKQALnHm2LA/BDzmTO,dwillison48
154,bgrinter49@buzzfeed.com,$2a$04$YVUIduefC0LYyk1J3IXKdee1AbtxEU4A/BMwN3H4kunh2vMXvn6le,gkubyszek49
155,awhilde4a@ox.ac.uk,$2a$04$rAXeQKL6UExBkIEeFRJINezQUzkQBVGuMjgTPGOZ7oLPhzbjZlAHO,hcopner4a
156,bbramhall4b@shareasale.com,$2a$04$SAFcfNCb7f9damsGtZr8l.5Z0iO6w9JUEvHYmCWjhhF2JeeZ4WfEC,itofful4b
157,mmcglynn4c@addthis.com,$2a$04$7sBOmaOAM86d0oSBf4gwE.qLLl.HZKk5eKVK7ov9H0.Wj8UP8hIsq,pmcneely4c
158,nsarson4d@netvibes.com,$2a$04$N8KdLhlx7lpknqm8aj32vujza82cijLz9EqSm9aPFTKqcwddkB1ou,mbownd4d
159,jsinnock4e@seesaa.net,$2a$04$SxeG4p4Tq5KVkawk0k3pMuNcG37O29EQViKJDxiAPidrVYmJJ2nzO,joverington4e
160,abirts4f@furl.net,$2a$04$47vk/m4xnbkhRzxnHEvBjug3gUuER5O50HMyUSTDsZ3VeBP4xbH4K,gduly4f
161,cdelepine4g@imgur.com,$2a$04$mING2w4XzEW.mUrTve95ZuDkihwG.kGF.P7c5nKtWPkOGMKotbZHq,acherry4g
162,dburgwyn4h@quantcast.com,$2a$04$k.GaPSGqWuyso4iJf1wK8.sQQHoFKeKKDFbXbm/ID2kjHeTzR5VsK,ifeighry4h
163,lcolwell4i@dedecms.com,$2a$04$6MkpBm2kemCwmcKtlwPlwucXVGhl0TTcDnWPuX1f.PjegG0kyaMra,dfells4i
164,ymackenney4j@alibaba.com,$2a$04$jD5YyybwK1mOIZs7592/H.OoUDr9GUaiV6.qIQqjhEaOTLHm4DXdm,jpalia4j
165,phevner4k@hugedomains.com,$2a$04$6tAbdTM2LeBA4/wtpN8IKOGdlFMR8uy64uJI5JIEssblvkE2aHZk.,ckleinmann4k
166,dchinnery4l@paginegialle.it,$2a$04$uZt3nYFPz.dbPbmojVtlD.ryoon0Nlya08MqVgtiB/Fr81.ZICrXq,ccoyle4l
167,pnassau4m@house.gov,$2a$04$cFgZQLaiT3e2xYEssFF0y.OlKxXeMu5Mq9GPtHK7u8kVshfpomsxu,romannion4m
168,clissandri4n@slate.com,$2a$04$zyA2Ay3gn3M2UWWCA.Rf2uZ/8mm8ksybiaoYwCtfEyly6WnCN.sCW,jswindles4n
169,saronin4o@comcast.net,$2a$04$3gUHC.sbVS76HUM/TlDZu.7jVd.IK7F0VEjkvkB9PRkJdHuHHTfiC,ktilly4o
170,tvondrak4p@omniture.com,$2a$04$1HtGedaJ4TA7ZM63Z8oqfuQV57GaYoVAGV7bKNFPJkMoTinRb4dAS,rconyard4p
171,jgummie4q@privacy.gov.au,$2a$04$hVMxMEFl9M8jTwrhLfjFUuVPkD4DAwWfCLUale1oxfDpW2v.RzYRa,mrosenstock4q
172,pspelwood4r@prweb.com,$2a$04$KmQYzGqOcaAFVFVC4MT6F.r851sl6B8PIfACkTYWOLNtXbPRSUjhy,emephan4r
173,mdibdale4s@boston.com,$2a$04$On/dBd9Xv6WXnpHejXmrxeqQeU/k3lPIYh5SnpHPOEGjMvcyyC3r6,hreily4s
174,mworsnup4t@ask.com,$2a$04$R7LQsZ9zM8/A84IcSuCoWOj9SOfpbMlUcZFOzZohpFZ6vPwLcUkia,bferreira4t
175,cavramovic4u@phoca.cz,$2a$04$uI3/NGe9rOOaBcnAYVDdwOcOA78s1s2zNeLSV3LXKRJWeFL3x57ZK,cpluthero4u
176,cendrizzi4v@prweb.com,$2a$04$eD3H3MwKOd26Biyb5Pr8/e9L.N/Sva8fQmO6cphHgdYJYbp7rjph.,llestor4v
177,cworrall4w@mapy.cz,$2a$04$U.F/gQ4Gnd.GlGsNbAaGXO4g3ICkpzE4q7tBrFjYec5wf1jIbZkhi,ngraftonherbert4w
178,sfine4x@google.co.uk,$2a$04$jL8xEPy3Ko6j.2hecqIWp.8mbkLAppQtyDHg7XGVlzKVART8VZBlq,ccashman4x
179,dmagenny4y@wix.com,$2a$04$7qPFyeqpn/KqQyriWkZOUeIeg7/zbNtnK.54iRe4eTavGu3gSiCJ.,lgatenby4y
180,dbruniges4z@google.es,$2a$04$4mshsvzsf7Ot4CzTqFGxiepe1ysRWgAdGd3Mw7POaZ.0trSSV3lkW,thuttley4z
181,atoohey50@independent.co.uk,$2a$04$prapbCXIdHuHMVEZvTefgugrUd4S0K1c4c40p0b0b7QTff8NFtxwu,acicconettii50
182,ngoodbourn51@cargocollective.com,$2a$04$CyK0EkYaKaE9OKyfK.GeA.hkK8D9Vy7H8nhJWmwq/cTvvTZi9klQ.,ahargreaves51
183,jweich52@rediff.com,$2a$04$ee3w8isc/S8ZPxBnKh/lFeyQaBrGPB9kUNxejkSAd1gqlueZIornO,krastrick52
184,itott53@sohu.com,$2a$04$Sika7ThutmjQhZrSQg.OeO7H7MGz.qSk1qCdD3iRXKYE9H8z3sWVK,rjaynes53
185,lcattellion54@bbb.org,$2a$04$dwIWkBWrHMEbXD6XDJxWeuDVBW2S/Tdmk/ycM.D2U0lxwwxW7fuKi,nguppie54
186,asmitheram55@webs.com,$2a$04$5MiAM1qYy6QI9WmLv1C/9OCqSk3EKnd2vh8ibu1jrin93DepTX.H6,tdefreyne55
187,wstark56@phpbb.com,$2a$04$pHJ2nlYCLDYM2i9vZbB1Ruck7pMZTD2g9G5.bO7IanggCQ6JUTfjK,ccorselles56
188,lgabb57@tinypic.com,$2a$04$CI5aAtM/UkOEm2tCd0zWbOZUA2carT.fTdqmVpmnwACwRUQecc.Z2,jtoone57
189,rgoodby58@umich.edu,$2a$04$dttouMntK3hKQ6vW8WN1VuEAChgCRASD/Sl5w2PUnHhF.pvwx8BDa,astichall58
190,igiovannardi59@webmd.com,$2a$04$mOCx5qgaKpnEu14ML0q3SOeTkUm7wQ21T.5ma.rvDWDY/5oVglcdq,iboustead59
191,jchapellow5a@toplist.cz,$2a$04$fe5nd6iQrEq/eHf70THiweGQHggPhahHuCCtUdEzclccEfdrftaIy,btwomey5a
192,ahaysom5b@mapquest.com,$2a$04$F2gI3ndD4r998sHKDV38v.U8wrl0Xag3EjnS4UZj5s7Gzxq1oUWbC,zhasling5b
193,hrosenschein5c@hhs.gov,$2a$04$t5GmTUEeu1YWWSxVtx2ll./APsgBNDFGzy4BHR9/95tcAH7bmE85.,plaborda5c
194,gloalday5d@comsenz.com,$2a$04$SnBC5/JwfHlrFCPhLCF4JOKWLUmGGVWtDyj/u4SNw1FTg4ARMqQHi,sjertz5d
195,mhuelin5e@amazonaws.com,$2a$04$W.X.NnH2PC07bbmMVlZ4c.rhM.GfQ8QP89Vl9bEjoUZb0depXmGE2,pgerred5e
196,gchelley5f@virginia.edu,$2a$04$F7dSEGkOq.8bzWn39VUBG.ItOWf7fKMCJQgkO/J3dZNKJdD.3UYPi,ameineking5f
197,rmilham5g@harvard.edu,$2a$04$CmJX22azj0yK1DbOylLJWuCJI/oUoUvV/wbuw073xFsZoZNZ2Y1Cm,mblesli5g
198,gmaletratt5h@slate.com,$2a$04$6UFN/rSazx3VtgVsJn0P7O1qBarJxWE.WIYG4p.ZPTjotN3THpHoO,sprettyjohn5h
199,rcharlick5i@gravatar.com,$2a$04$sn6sIS12vzOoqvPu2l8WlO8c2iKb1HkXt0DHiutZOmqtxU9cbGrhW,lellingsworth5i
200,kharme5j@bloomberg.com,$2a$04$9wtlo/90LuRdpkE/YmT7N.8X/kuxTm/FXtt8w0lpM.naBZTzSVacS,dnormanton5j
201,moldis5k@patch.com,$2a$04$ilmgoEretntmbDa0GZXu7.pv1YzMxk8.zBCkwQvc8n359fxOBSCUy,pwalley5k
202,apeppard5l@meetup.com,$2a$04$JRWIUWiXFgDPyD/YWfhxb.5iyaczm9oNmu2dMoCE4hgfQuOOh1xnO,cwaldron5l
203,gmccole5m@feedburner.com,$2a$04$w84P3ASYn8q4c8ysiql2SerzRqO0/8.d2qk/j1XFa8M3Bn9eY0p8i,jcarthy5m
204,neveril5n@webnode.com,$2a$04$rro6XzeBbf5zmVxZpGwuq.cCsadvhv05xRo7chVHAXUlNlVaLUQ3C,istickney5n
205,avenediktov5o@ovh.net,$2a$04$AzlBtOXjq1OS4J0g1CxR7O.4MbdxO6cCAVqjeMbvVhya9dgEaxmxq,acollingworth5o
206,mokell5p@un.org,$2a$04$Kbf2PIQPVWYfVYYXixIIPuDfq1MsZiG4x5wPnyUeIxevaWLymYBU.,gwride5p
207,asnipe5q@over-blog.com,$2a$04$HdxCQHTU4HmvmjZQo1ikR.bD5f7yvTud4x3wghXpYZD9bJibYreN6,hlyford5q
208,emcfarlane5r@trellian.com,$2a$04$rnXtVOrtq/trpEMINxWtHe7UGBZFGhN5hMX0gD1YOFxQtWfb70HZq,croscam5r
209,tpeltzer5s@cafepress.com,$2a$04$Rh.ekoA6gvS778nXvH015OH2SCVrDyCLeemrkb2FUShtNbFHHWLZW,lbernini5s
210,rielden5t@slashdot.org,$2a$04$.eNL7X/OOuhUFaDRaL2tKOBI223Rq53I74xp7wfo6FPnxV/t2BcMa,hbrickdale5t
211,eatcheson5u@github.io,$2a$04$wrIoWGwxSio.RrbtNETnJ.3prWDSiHCIIG1n8LWVKfySUV.ZHjO5O,jcorker5u
212,aswafford5v@guardian.co.uk,$2a$04$ojQX.5Q1/80aJtJbUTw.k.iNVBvcdFP.wXQ4eCO9lP.bvaq9Hvo0q,dabbotson5v
213,dsprake5w@sphinn.com,$2a$04$JcnVyRUH1I4GTegWW7Sv7OWE7s62jzJ28qrTMpQrliRl7vmVSpbaG,ipulley5w
214,dtonepohl5x@geocities.com,$2a$04$akQc5t2Ci2cDY1ucWIoxR.PNqtVkEjxddFo7xjN/Bls5pqCiETDSK,momond5x
215,tshackesby5y@ucsd.edu,$2a$04$zxtABgFaA9iW.uQUQ/EPb.NwiPEieP9sdXDeojqWuX9OGPYpaimsC,lhorley5y
216,pturbard5z@reverbnation.com,$2a$04$9tMHb38EvMvf16gDh5hOw.lH6HI6zvPb9f4v4Gcyq3fEokVbCHNka,bflipsen5z
217,kmontilla60@phpbb.com,$2a$04$I4pjdahk.GzOVNfTEIRoNOamQcHfNmmsA2FG6tPOzrgb.CouaBmZu,cwillmett60
218,jclem61@tiny.cc,$2a$04$RO0FOEFTNLVzUQ9EkhE83udVu6lRhwXnCerCYcCGtSxDlkd.BgYlq,karton61
219,vtoner62@digg.com,$2a$04$4YMkFQam0v4CsLqFO8yBNeBiAUf8DmIcSxXv54exjtXW30DGmBJeO,gmedmore62
220,dfisby63@pagesperso-orange.fr,$2a$04$MOJ7GW9o3YD5BXb76T0IZuHwqHimhg1aGANV8dnYlAeS4T6pj1bf6,jgiocannoni63
221,rantoshin64@samsung.com,$2a$04$l2t/AUD3BeYvnA5EzEgub.SeRqeK0bix05oGVlz8OMp7r82XmiMwS,ycasterton64
222,mgeri65@disqus.com,$2a$04$waAyLbuy25AHOsP1b2r6TOIwicrbI7BVs9FTRixfhCUtJ1YUUnKI2,mbrower65
223,loakland66@howstuffworks.com,$2a$04$/3iuqM3O3PCrL.Kcxw.hUu4OGlUE.rHcLITmDi6wYjnPjV7bP95kq,rfayer66
224,vglencross67@opensource.org,$2a$04$9sCgUQmPlXkYyDeHYhfT7OTn5S3tsnww0CWthtM51yz9g3oLstxS.,cbragger67
225,rpayley68@clickbank.net,$2a$04$F1Vdk17MfQMHCfmHshEsXuuRVFu1yOe1RQFMs5vR8QQDcT3cJ4RKK,ckempston68
226,gsiverns69@cbc.ca,$2a$04$fuLz2Y3CthzBNHXCCffN1u4nsUn9B1V/uQjL.AOLfwdLt5ZVhopAe,teseler69
227,lwakely6a@about.com,$2a$04$fl9ZdG8FdwcyVZD.hS6d3.HZSkMqc7kSsUvcjfE95NuZgv1mAVQcy,ameatyard6a
228,neldered6b@artisteer.com,$2a$04$VY6BNnJqS4u3/tgsHL3ggeFzlGx0ItDivM2ZarwTEpUrt4prEUkU6,hmaccracken6b
229,gdulinty6c@mozilla.com,$2a$04$di8lRV/wsAJUKOMHlkiPaO.ebxd/Bj4ExfUR3ZFIrErGjbxp1TE8O,mivancevic6c
230,ibulfield6d@ted.com,$2a$04$hcNVg4gNBsXlyFkJH9JEeOmnvRUnjdNGGOxtkVQILnElSKq4afCJe,adocksey6d
231,bhurlston6e@behance.net,$2a$04$41Tn2FLHpWpmDMg64UdOPeJeZcEg00F8QIwAxWVfcYjQU0X5KMVNG,lbroxton6e
232,jcrookshanks6f@redcross.org,$2a$04$C3PAw54Pxwder1LVU5OHnOvY/d61USB6gwjYZxtlq20I2EI0F/iI6,cprobet6f
233,qhousin6g@sbwire.com,$2a$04$QQAB9WhcngRynwMzUZyRTe6uuq1FaQk.G7ukzhopiDoLqmUilz29.,mmcwhirter6g
234,lorteaux6h@phoca.cz,$2a$04$F5nunUbML/js.9LMyUzewuIQVT70jzKA0YJQ1Z/nyprbwhTbsxiDG,pfebre6h
235,cgreste6i@nytimes.com,$2a$04$Hfc1qa/ge8c8cZexPAJEsub/ojC/EHcLEg6fr/Bja.10b6af.LLPO,kbish6i
236,medess6j@unc.edu,$2a$04$BGqVZ3dlEdNEOWzOAEdyDOjS9Dh3QCfwGYWoqejk5yXnA1rgD1b4y,gwhitelock6j
237,igorrissen6k@yellowbook.com,$2a$04$9UTBUW/OVh1uDx.tw2wkpeNdHOybQZqo4kcBiL.u7Bm7DxgWlv0Cu,lshakelady6k
238,golexa6l@java.com,$2a$04$l/7xxi/mGVspbiNzUd/xaOwh2oJp/A20ft4HaXH4B.VhRFQjmSQmq,ballicock6l
239,lhobden6m@surveymonkey.com,$2a$04$o3xQUF4caOnzCMaqxPGDm.QWZQkIOKK8BBBVjV2lUt/D0WkcawK5y,noxby6m
240,scolumbine6n@webnode.com,$2a$04$SBEtNQmIt7A291c6.q.SMOWL/SLsalzPiFi4gzeqWIeE7mrjBPjuS,wdahill6n
241,jleeburne6o@howstuffworks.com,$2a$04$3OzlfCGMzKbZv9gsvaL/X.yNVVwOhqN12vOXvMcVlVk91nguZQL/m,blumbly6o
242,gjewkes6p@sciencedirect.com,$2a$04$YT.pVjmcFyQq4QE5POx58.Y6Y11bzJ.L5qOVlbDb.VJh/OQfMmoKm,jhalfacre6p
243,growberry6q@instagram.com,$2a$04$iRVeiF0.yH7kN3JoT2l6NePJ2tfEtGSyZtsQGTbpprardcPvQEbJe,lbooton6q
244,cdabbes6r@liveinternet.ru,$2a$04$Sio9rAmXdleXe096aHGAaOB7y4f98kJMwdrrhvK7Z3l/QOJMu4IwO,idykas6r
245,tdomniney6s@bizjournals.com,$2a$04$IejWXnOsAJMpsqYYOKA1lekpzwPT3gdqULAY6NYK1OHH7LS4dz22e,lbrunelli6s
246,dberthomier6t@washington.edu,$2a$04$zxeAFzD7Ueff8VumT7UFPerO8VuHKSLG6vjknvrRwALoPiItKo3fy,dkirkby6t
247,qmcgeoch6u@illinois.edu,$2a$04$Rxvwd6e2q9zl4d3j058r5ec0Ngb9t6BH.sC1YJ4zijIM1EM7.j4ma,mlargent6u
248,ababb6v@army.mil,$2a$04$JIPRaI2DZPPxBlvZgLd9k./iyD/eBVwmwyKv4h7/Rbe90afMx2uNu,mhallatt6v
249,mlackey6w@dailymail.co.uk,$2a$04$L3epNetKbW5Cmr5uXwEFBeUnH4EKz1C8DHeZJgGO9eEghZB340diy,mfurmagier6w
250,fjoy6x@businessinsider.com,$2a$04$YDC391v3pBlU7T4MDZ6KnuiURENyRt//6oCh2pk3yv7DHhLTj0Ouu,asedgeworth6x
251,gwinspar6y@shutterfly.com,$2a$04$GtEEcVEuSFIz.RWBq4cY5urPkSgnyIsbCOOhBv/jHWerpAGz8vZUS,jyashunin6y
252,ddimitru6z@diigo.com,$2a$04$btBmeknqBYp6ORS.YuBiOe3bFpQh4auhyg.wL9uQbSHYiVy26Fcf6,dstanbridge6z
253,ogladdis70@ftc.gov,$2a$04$7Z0JctIQqu5ufTEuhYFBh.9q5S/B/gzjj/ajuyNIw/rkYK0DNyuc.,vlarciere70
254,rlangstone71@google.fr,$2a$04$ox5k3utr.ZAT7auywqOvQuH.9oOXuV6qFjXIOnLCt2I5DgpUGFEUq,kamburgy71
255,plovick72@guardian.co.uk,$2a$04$qtyh7ZHNYq/rpaLl0Idr4OJGT2ypONzQ0ubQaoHG9RoaaXWJjiQm2,mseeking72
256,cpellman73@jalbum.net,$2a$04$wIY/08Pt.B7wpIlONFemuekMXZIlix/wQhW5MUEa7z6Gq144Url6G,gawcock73
257,talyonov74@sogou.com,$2a$04$.dhVWDavvZWiGuSjD8Y6zOve.uvgsyxsVgI6RFXmBZeQsu/uMLsm.,hkrolik74
258,dbutrimovich75@apache.org,$2a$04$LsMhUbMI2ooUta7wStahZufeQ.jSECMYdMjXVoARdhR9EyMC1z9Ee,cpopescu75
259,cfido76@constantcontact.com,$2a$04$Xy1ARxjF9Zb1921MfxxSZe6QWe3x6PDNH90yH3rDXyONCcWHoaac2,sdimmock76
260,cgirardez77@sciencedaily.com,$2a$04$7IrwpWHsokBPENTQJ88CKO2l7yAhylYygIxVtpgzZKoyU2298SOmO,kdenison77
261,eroake78@techcrunch.com,$2a$04$CGNzQA3b1VzmXOJ7jqUTmen/lGYUoL3gUhBmBEj2WhDhgRVbhtxAS,jbutter78
262,hillidge79@gravatar.com,$2a$04$ZAMxn54o2YHMkIjZto/pPOytgvBXbqX6vid5ezOM/AT2Z14ncc9sW,rpickett79
263,jburgoine7a@yellowpages.com,$2a$04$CNzeTMW2mEMJ6fAjdNUoq.0Y2V3FshJunVLNQTSoG5yx0h/W/gIbO,rizatt7a
264,slinham7b@t.co,$2a$04$ck8R3Dg5icF.rs3jxJ1JDOfSRl9gK8nYbiI/Fus/3gxirxq5PsQoC,lvoase7b
265,mbransdon7c@samsung.com,$2a$04$c4EO.0TLFdPUJ55LedgmfuD4jlI5cROwb4z0rtBDrgjbWfZUIkyDO,ahanigan7c
266,asansome7d@gnu.org,$2a$04$HTXLtQh7lCZsaGQuh3LtcuKXrfzG6zmLgdDtQEr0jj8aqZlm/BHFa,bfloyde7d
267,atrimnell7e@xrea.com,$2a$04$UIOcAuNvdIMNPZyMM8CEgOIkknRU5eVWc6Q4SD7Lf5cfuGDrDm7RK,lheard7e
268,whows7f@seattletimes.com,$2a$04$R0aDVjLidVX29htVmfumQeTiJ0WugqVlRtG.RFwWuu54y5pLL/wDu,lelflain7f
269,rjuste7g@buzzfeed.com,$2a$04$1VyDUJhkwrEs8YkDx9ixvubqsiKCydSEcf7PB9YQDZjRXDC852phm,cruggier7g
270,gellerker7h@a8.net,$2a$04$FAoiyE21XK6Y1LWbNOXOke86/di3Rv2.935qFENHKjIKKcVbY2PRi,plangwade7h
271,cgrzes7i@imdb.com,$2a$04$U4SlL4h6Wm6vku/QSUGxTugQLCKbUV1onKS3Rf8IcpPHTvxvgd3rG,mswinn7i
272,wcuberley7j@t-online.de,$2a$04$J/.OqIaowZ0MCIzkyLQMJOOl5tkFwUyTHQHoMRRERzA0C1PI2lHlC,xmarron7j
273,cjzak7k@google.it,$2a$04$oLcirS7FbKEgy2TxQj78ee1IW.wKTcRJOVDtI9xwMK2YgkAaLwUfy,tkybert7k
274,tclemenceau7l@mapy.cz,$2a$04$QaOMyo08brMnCwvm/Uqyr.P4czk31vF.AaIgIe5/dgvGu8c5b9o8u,jrhys7l
275,jtuke7m@geocities.jp,$2a$04$DUydrT11z69qTvAkaTTV7O05RCChqG9BUd0OPcGfLyYvgTBn1gVqW,nmasden7m
276,rlindhe7n@amazon.de,$2a$04$9Ad8wLIErDY3guhL0zIDLOzKahsn983DQN7yxPq7qhK5TZUX.ZFU2,hfisbey7n
277,mbarneveld7o@economist.com,$2a$04$JnIMl/4to88VxySkbefnxOLpFV9aOVvDIIERznWXpoKR6d.Miv9ga,fdubock7o
278,ltagg7p@amazon.co.uk,$2a$04$pELi2J1v3okRE7lqeUAzI.hz6SKZMG/osCa2tWXfBHZU5lrJ2n5Tq,hespie7p
279,fturbill7q@census.gov,$2a$04$IXika81ef3oRGlx/jo6JWO3W02RpVnbsxrx1jWss.2aPKsN6yt7BW,mbuller7q
280,ghenryson7r@java.com,$2a$04$1w/IO9EGYxxYcNnXESp3LuED564JkHtld0DpPciavUi3/OmAbHv96,kbeechcraft7r
281,nkilner7s@skyrock.com,$2a$04$Xb2ClNQGU0HJriUN5KVdKOjmhYYhKVXzhEnBgLgoSEw/A/bi1goYu,wstarbeck7s
282,ijolliff7t@cnn.com,$2a$04$3Gi1nchEL1IG3cigDClAeu56jYv4jEnTeJ.1SkspMdzk/JrAm0Lyq,bkidby7t
283,mlivings7u@yellowbook.com,$2a$04$5CID3bGW4jiy82G40SVHxebE77NXtxkuV.N8oTscpE.rtYwp/CEDu,gdelves7u
284,jgowland7v@imageshack.us,$2a$04$zflFO1fWL1HHdyGrB5WHi.nWkMfwGp5TOf.t9bvgxDfaowlsODWIC,glockhurst7v
285,sanetts7w@yelp.com,$2a$04$wgi3VO2r6BUR/tw4Wd.r9eCfYnZXpW5kOlKgujTSow3xXlET9tpKa,kwastling7w
286,gwestrip7x@mail.ru,$2a$04$QDA/.ACY3EKHmm4ih6UiB.NryDMdxEXkFh.F7OQSl7Gv5EkwB9UO2,ofishley7x
287,ebodicam7y@123-reg.co.uk,$2a$04$dbAGcrlt91dB3luA2ym11uSPs5sqwpcPnT0GaVxTpEpRgJQZQwJlC,lshotton7y
288,olabbez7z@liveinternet.ru,$2a$04$eKyiIjQwaQ7mmt7Rtptkf.atEV9CmoTLvPpMjqovZV/WIOjoVemHS,dseman7z
289,rgumey80@admin.ch,$2a$04$WZDPEAYUBVv8Sv4csMapA.LEVPV6YG87XXkWNNpxgld6RVnITtQ6.,cgarbott80
290,dskones81@earthlink.net,$2a$04$pqAENoQZO9R/XgL2Xz3DxOpQwCvo7SBvJeWU/TYMjyzPoykOaEn/i,tgoodlad81
291,wspruce82@hc360.com,$2a$04$OGJi01MAVAT.OL.yyW84be870TKb6UUlqADdpY3o6eljKGIO3.iam,plisciandri82
292,nmarzella83@paypal.com,$2a$04$QlR3f5rGO81FOv/.VbVv.e6y1WwPX0aVMXV1hZ6/J0s9BK7WDjiKO,aheckney83
293,kmilligan84@yandex.ru,$2a$04$b9KztAr8.BDR4Wk7a4PXF.cu22RAI1Sp5L2fa1IOeWreXfhynlkvm,kbraisted84
294,orichten85@dion.ne.jp,$2a$04$axSM3OLxj2Py5ca55NdeH.D8dp2ny504NRSZq5D68C1HdR8X752ue,vscoyles85
295,aquilligan86@bizjournals.com,$2a$04$nb93KkGoAmFefLx1oLdKZOzpmOLX4VMtKGGOJemlwKKXIxYCuD46q,jbysaker86
296,bdowears87@hexun.com,$2a$04$37nTFb3NKSHURi3EpJr5ne3hCWbO5f0cqeDhY.uA9ROJ6gExWCjtG,cnoone87
297,hkleinhausen88@zimbio.com,$2a$04$Hi4rmkOrjI1aGDbnHjZxE.xUBufxRyXqeZXGc8dwzDikShtJ441RC,egiacovelli88
298,mhoulson89@vimeo.com,$2a$04$bXl6tCCBDE.UZwlj9gLPg.RjU10bp3cmpqYW2q8APJdBLUCfQENGu,ajell89
299,dtupp8a@ovh.net,$2a$04$zipocu.B124YV5hysxLBC.pickPRsXisZ5azPqulH.upMz0DAzYo6,vogles8a
300,pbenedetti8b@addtoany.com,$2a$04$2Gp43C8RNWaOh8wuL/CM5Ou138MUJDb/n5WpaMIq6MGHRJ6hrSNmO,vseeborne8b
301,mcargenven8c@163.com,$2a$04$Lxfe0tjCDQx3m8CRN5L2e..RFA9K9IsWWZ9Omga89XLBHEFtik6lG,drosgen8c
302,bseavers8d@soundcloud.com,$2a$04$p3CsWQJV0ZMftZkBT/1HDegL6OsTILR6L/ANZ5ux1Pzdwrr0V5bbO,aremer8d
303,ecopes8e@patch.com,$2a$04$x.lEHwb9yW.oQ3LCajiyQOi5XcRRdkcWpdM4TRUzPtANmGuaePqpG,jcleaveland8e
304,tsaby8f@washingtonpost.com,$2a$04$yQM4R5wPGHEsxRuoLqLmm.stZBOk7T5ZoQjTtYkFbbtNP5ExZQI9.,uhallows8f
305,hgovenlock8g@pcworld.com,$2a$04$Sv3JYuvB53MMWNg8C6pG8uiZkPm01uxTFpc3MFCMiOaqK0rBK.D6G,lalans8g
306,kweight8h@github.io,$2a$04$u0q.q7KPWnogQU4Kv6kkZ.qGmwiVMVVKhDT2tyqkXjonIi3T5IMdy,asparke8h
307,gdedei8i@surveymonkey.com,$2a$04$fB1qVlZMDaeUpVdel.3N/O1/CRIPTY1Gdh4nhaPVSdEDckawzSV2i,sumpleby8i
308,lhousen8j@apple.com,$2a$04$Mc4uavob/d3RjdpiZBUY0uQ78Gh2Kd1xK0I/0LNn9zeCHT8Uy0l3i,zdilliston8j
309,tmathivon8k@vinaora.com,$2a$04$IjP1WTlcqIFOoxGg2O.ZsOWpfaRRuqwJUVGXDWafA5lcfKD/eQ99m,rcossell8k
310,rmccomas8l@t.co,$2a$04$QQv86PkrWsc27QlMSXLAo.6//m0D2wC.8RpOlnUL9txpqmL1T5iB6,gboyland8l
311,ihuske8m@histats.com,$2a$04$RMJwfmvy2Mj1Q/ZQHawrPOcEe0qygOddlcPk4a6glTJZjyELUsOey,gbambrugh8m
312,wjinkinson8n@stumbleupon.com,$2a$04$ywj1ylgNmO5mML2LdHfbIuq3mQ71bvK0TIn7BEFLIE1DM4uDOGl8m,lbarbe8n
313,mrubinovitsch8o@tripod.com,$2a$04$RmQfAHA1n3Beo7nr968zVelx44upvy16PyArcgqPiTOwZ2MHuoU4K,ephin8o
314,jlosty8p@istockphoto.com,$2a$04$ZI4Jbk2zgKm3b88Tf1pvku2FAl1huzAZr.pbXpBtnEXrrEQX/6MHy,bzealander8p
315,bnegri8q@ted.com,$2a$04$wnoryU3bb9S/O5MYcCsUzORKxpL9I2ZYZZwF6tufV.kWGxHvdn2nu,bolochan8q
316,merat8r@google.com.hk,$2a$04$xGDi7Z.Ty30fXYzXqD7.levKcOHS74Lo7aefvR/HSnqWzQskisb62,grabat8r
317,gstilgo8s@narod.ru,$2a$04$ktWZM92GT.aV2cLNDxccY.UK3O8AMxl/eO50jf5N7JstFFT/0KBQW,ratto8s
318,mabbatucci8t@ebay.co.uk,$2a$04$e.dOvGCGQ9qTYqxfnE2m/.dLs2W7pDYQaeXa4UKDqHJlKlX8XHqim,nplumridege8t
319,rdrydale8u@cargocollective.com,$2a$04$T75dICxwLtQGhuDxKG3DWetsLx5pMqGIXAuvncShBq6RvRhXooWRC,lsirl8u
320,adudgeon8v@diigo.com,$2a$04$BD.kKE5KZJSYXdfialdeKOzm4J3brNUrR/XOQq1DzOZaoma2eYV7O,abeggin8v
321,mpaybody8w@deviantart.com,$2a$04$eqxopVuI/AgHUFgAfsMh1ux9Nw4CsYM2KDnUUcOvL1Hk/oiGcOBei,mgudgion8w
322,bfiggins8x@youku.com,$2a$04$e.C1Z0TE10htY5CoSshxF.ki0s7hxg1rhg1rBqK/fD9KLvH26P9xm,agimert8x
323,cblasetti8y@squidoo.com,$2a$04$XibZqxNcCGtk4Ks2RZtKROKUpa8CbJv7YJcUZMtUtwAjqIh8a9Bti,alowne8y
324,lmerck8z@weibo.com,$2a$04$2DWmK.OoV7RnXtdkYagfLulA7NUmO/bv035MRD3kwSisK16j4IgGG,mmacmillan8z
325,tiacovazzi90@va.gov,$2a$04$PgdcSVw6cSExiTRWizTOVeK4zK3FbxpFOSJ3r6efxBlKDtqEp3X6O,pstokoe90
326,rordish91@unesco.org,$2a$04$dooL5Q4yHiWr1poXL8JsFeSlFjxjoWTITlhsw1bHHo5Lag9xlsqLi,bgearty91
327,jsunock92@nps.gov,$2a$04$5siQzERErPnN2jYHNVXwl.IpwdxX3ZDAg9O5a/HtWbS/iIw6Pi/iy,gdemichele92
328,mwhatling93@java.com,$2a$04$9wc/JnwT5KZVXtH.cGBgU.Fe8MoT3dgTIPec1waaAt6lHafw7qxPq,cnewark93
329,jwestphalen94@hp.com,$2a$04$3iMFn47bRs6VGyQkZPaXv.yw3IyPxBQt.Q2Hf.89T2oqmxuWCb9iq,ghurdman94
330,amerriday95@nyu.edu,$2a$04$P9couJFMrvSwEIB.z10weebPc30fpOGCR76bYWGCSCIR1VlmY8Oz.,bedmunds95
331,ahurche96@ft.com,$2a$04$b.Cvh93SnSEyuSYol4uWSeNNnLz6YntDICQaWx1ChHawA2aFMtGTy,lsalla96
332,tperigoe97@microsoft.com,$2a$04$3EL3gTO21HyeH0pkqAVX.u6VV/THqnpQ35etBJIUPUrKPuCfTQZgy,gcheasman97
333,njobling98@artisteer.com,$2a$04$dGQAibiCdEWjSfZPSKhSOevDNveaKMNiXg3CNjXA/K./ydTaJmq0a,dpaddie98
334,gbickle99@liveinternet.ru,$2a$04$2U9NWnLiMheal4FhPntnyOAIaOJ2Wb7ao2cJRb.bQcjizRppI0TDu,lbutrimovich99
335,lmainland9a@wisc.edu,$2a$04$C0BDbLNoD0M5S6eKxE1L1OT72eCu7zwW7Blx51woTTSf4LND6O1Pe,cblazewski9a
336,dcollard9b@netlog.com,$2a$04$cP6m8biAVEup/YAZ1fqzS.PAQBHYqUfmFCLyqxAPIGkfVEu3ey6Jy,jfairley9b
337,lfrantzen9c@pen.io,$2a$04$/qinQ3rU3TpFpwcGpnavz.365obZiVl5wGwwTK/p31/H0.Uwqq17a,mlavielle9c
338,gdawes9d@buzzfeed.com,$2a$04$InyVoFavOo/N7o01zus.jOVxE5bG5tyc1w5CZbtUQwnWlpHqlsSwu,ibeglin9d
339,blarkkem9e@salon.com,$2a$04$ypDEWMtTmOTggBZAR15.i.lmzRy7fDnBZo.IbU9ZWOK2gQTDmiciy,rhuyge9e
340,labelson9f@prlog.org,$2a$04$NtpowfvH9xPlChc4jNyFzeLY8XxKL7zNMw0tIulgLV7YBpF0EaI6y,cvittet9f
341,tcrippes9g@arstechnica.com,$2a$04$ze6VbyPZD8ctQNT8gOquZusQU5y9vRYpAtCaqi5MbOmWj4QLRoNra,klemm9g
342,colehane9h@whitehouse.gov,$2a$04$Lg1.8ahNUMMS/901bB0ueeDbkLqaigESKLyQJ1M0ggbSlZ.O8yxmK,liacomi9h
343,tpearse9i@webnode.com,$2a$04$iS6GpZJi6Q4jmSf67rLtEeqzlaHliSXq.CWwkyhxEM8tL/kT21Fcy,fparnaby9i
344,rcaveill9j@marketwatch.com,$2a$04$VEpI2qMkUYlvvJijpONhl.rF8JLXQ8YPXr7b3cd5PVcSl6eFoL/FG,jcadle9j
345,ekembry9k@liveinternet.ru,$2a$04$s1hQXpwT/WucLxRMFPNL9euNKGFeWwmnyqcFmdndtaI0Mu.LR5YF.,keliaz9k
346,rduckering9l@cnet.com,$2a$04$hX13Z8Rpa3h7rvC/..qfBeJ1X.5RR/yyQPsjr8yxciPUcvnvbM5Au,rmacpike9l
347,lspiaggia9m@xinhuanet.com,$2a$04$BcBtZ131ullKnOSs4upHl.cKlFNK642BTKn776p4OKo2IQMnfp0mW,gapthorpe9m
348,rcrisp9n@ft.com,$2a$04$A5.nzXCCSQZmqS4zGxF6jevmKIeFtmRkzST4VGsfdJADx9hTCyfs2,rwhapples9n
349,agormally9o@marketwatch.com,$2a$04$GX7q/S4NDdC/KADYt5GbB.FOfhlIBG0pItDbVvgQGsyu4ItGvLvrq,umccandless9o
350,rcarsberg9p@pinterest.com,$2a$04$07tStN6OoDW2DjcC/il1p.qzs84HFWhLzPcLaNmPX8G71N44ZQt2a,rscotson9p
351,starpey9q@lulu.com,$2a$04$bauiMjfyBZecb74I/rqNRewdUO1yblFZCPYvnOE7lFULKY3s/hKAy,cfrankom9q
352,gjoney9r@home.pl,$2a$04$wjzgKv5dA1C.NsjE59XDA.OaPGNxFyNg3znlinYnOMPnoDk.C27h6,vhookes9r
353,cmillyard9s@wikia.com,$2a$04$AC1luaC4fS8tBdcEww3xP.1Udq473v0mTg0tGM6ee6Wwik2CL8kz.,rkegley9s
354,mgodthaab9t@seesaa.net,$2a$04$gz48f3zcxIhVvVKXyUUo..jEuYxsRDxHTh98BIEmjM0AcAwsutoc6,pglencorse9t
355,lsussams9u@china.com.cn,$2a$04$U6VLYFLlKHpbR1OLNd/gEOahHEa1O4dPstIBANsqp.pyHYkCZdCem,lpidgen9u
356,emouncey9v@slashdot.org,$2a$04$Cbg2t6kq6qsjmMdrj6s8leAB/u6GioBe3VTq3ATj35Gt6xPEcY3qu,rbourgour9v
357,nvell9w@sun.com,$2a$04$Ait1gu0Bc9ToSylzRdqGtOW/fXeEwQTFbQ1T4FbtfG5u15W8erRua,wclaypoole9w
358,abenka9x@apache.org,$2a$04$0QORZGesrGLrrTAEQwscnecC4ETUe4ruWGCklvx6jRutdsgVm.rsW,tmckniely9x
359,mwalewicz9y@blogger.com,$2a$04$bmzasv8ICRzCQgTKLHUx/OwKIYlDxdyUIofuv0f05VaU2lDmu0HYm,wgrigson9y
360,rhalloway9z@phpbb.com,$2a$04$RhDuPMERr1Q/jDHoIV9S/u0sJC2yYY36FOtwMDabiyMa/Fe4QvGvK,cmolloy9z
361,gbarza0@google.de,$2a$04$JYfUPqHw1qVcxfZ3zC0Sm.b2iwIZgMUKDEwP9ZSfxfizHlV.KAiAW,tdefraina0
362,kmacdavitta1@behance.net,$2a$04$ic2RSP8B2BxvKKUZW5AXd.HHNseZ6i8lx1tLEJ/km0difjU2BB.Pq,ecaustona1
363,umacmeekinga2@foxnews.com,$2a$04$6WSASuB0AlRRxxVbkGAtZOxlXXqAFUdK7X/Al2E1bIZtC/1JSWmvO,pmeconia2
364,risakovica3@nature.com,$2a$04$0KDRohPEz1MCJ/iMUjPFguVFKFmTuwNsnfOynDyCz0FwiFszg0com,ejimesa3
365,dgurga4@geocities.jp,$2a$04$8No6GnxXFIQLk4390nHWJuiV4kVpIJb0qjid6kETDNHTgizIqWJTa,dstandringa4
366,kshottina5@stanford.edu,$2a$04$OxqvRvLad.X.RpPbBzL9LuR9XQlf5Hy7hLrGQWIaPxKMKvmHXKrMy,ecrummeya5
367,cdibsdalea6@prnewswire.com,$2a$04$ttsJNEBihX9kEzgd.vLzGeK/VaKHjRMEOpOiThFyjHfRyGyAs1Le6,tpecka6
368,abattsona7@baidu.com,$2a$04$U0itHjJzCrjKv/tU62tyw.OVn0NvZrC7kGoEfFo9GlcErKi9rDe9e,aretchlessa7
369,ecristoferia8@gnu.org,$2a$04$0fGt8Es4Nf6Xg4eAw.HOO.5EbB/yf2RfAt2jgtvjiuy7UdK9RXol2,ocastanoa8
370,croccoa9@topsy.com,$2a$04$L7slQb1SNz4w/7yGddLrJeJEj0DDmUIS7sOzxyhS37KFlJwzuv8ua,meversona9
371,tmeaddowcroftaa@jalbum.net,$2a$04$dmZFPMXjXFWbDbod5dhFn.dm3AmB/BPr5L83n.8h/Dko0f95hEeOi,ckeysaa
372,mdaveyab@vk.com,$2a$04$E604tam0I7u3aBFqWrq3IuLpnu7mCyeIsOvrc.3IopfGgixLH0Jd2,pubeeab
373,gstrattanac@livejournal.com,$2a$04$FyMio0JUERDF8hp1Kp1Eje92Jdq4sRlMr9Z8a2nqdqQyCGgl2eiVa,lkarlsenac
374,vnurcombead@sun.com,$2a$04$GJdrRYd3jN7SIpvG1ANt2.gzEF8HBlLqYaTiYfaclIIAZl66/8blO,fjennyad
375,mpettettae@weebly.com,$2a$04$TDzExUkf2uwJWPJnK0BDaOA/H1f.mZIXR8xp9MOskvCK/797pOiAq,ccolegateae
376,mvanvuurenaf@admin.ch,$2a$04$/XnEfj.edHpcU9eNHImCUe0L3HZkvYK0uk/KIJLTtXOIYqW2lbHBG,lspykingsaf
377,imcclintonag@squidoo.com,$2a$04$oyZikCGwb1VcYyGVIElD5umiQmAXVWPaQHTqcbn8zsTEvqyv5w5Mi,cpoleyeag
378,hmabbsah@creativecommons.org,$2a$04$x1rBflIWkLJWgFUSkx17/udKu9En0MKf58evmfKHI4n9iJZyKVbt6,fskaifah
379,ahundeyai@yale.edu,$2a$04$O8zwU9XRoGo4PMA4RRgsMuOLf7LxYMug0F3/qwqQBJFVB.PdkC1zO,jdibollai
380,vcarineaj@xing.com,$2a$04$KDgSmekpx9luOILjWrINOOgeg95qhKKutHVQhRFAOQS6trNWEr.3K,jjosephyaj
381,jmccullouchak@webs.com,$2a$04$62E2/mz/ORhT67lYY6.4D.zqlu9tTd878Wsy5zXfVXyl/XG79./Gm,gbeneytoak
382,mharrodal@mayoclinic.com,$2a$04$D5PZXtBfRCjOh2yi/BBl9e9vK/D/UzWHWb8Fyj9TZxjpIS8q.fzW.,ymcpeiceal
383,rcranam@canalblog.com,$2a$04$b1yZ/2xpLFSXftPdNJIlK.ZHF5qBazpG5.jEQHE3MZpZRVeiReiKy,ghargreaveam
384,sowtraman@360.cn,$2a$04$zT49jdhVdsdgn8XOLPiza.Ovo9DqOZAzAOo04R6sVqNW8C7G.qzvu,lsherrockan
385,cgrossierao@cloudflare.com,$2a$04$di8/LlFLM0yA4PG/mNFllO0Xvta48EXzAOXxvxEP/zHey/80shLvC,csimkovichao
386,jchoakap@virginia.edu,$2a$04$3pv.IMK5qgKmecRbd2hn4OSAdVf4.tFdhFYjK9XY8pzY5hfPLPiwS,lkimburyap
387,tmonkleyaq@mayoclinic.com,$2a$04$qEyvvfLwrt9yHA2SLijKvO38Xtd83bYBiVi7TCJbwiRwRWfYdLvxe,kthomenaq
388,abarnsdallar@yale.edu,$2a$04$T9I8e.0wdKoIK1De8lYm3uHuVhJFJtJMuyLyRN2SBCsPNHgpD5gGK,bkidnerar
389,ppudseyas@homestead.com,$2a$04$BmRqQEVeaYgT0La/ad2QVeVdAnpcQRkZd3lDsjH7drvcqV3c/7Hie,abacchusas
390,tbullockeat@sogou.com,$2a$04$ibmVTkjY5UVjd9/Ryv4wOOgExGHxDUDyN2jrPRtrjw2RsYw18O3CC,jparchmentat
391,eskeltonau@feedburner.com,$2a$04$FXrAFg7XH1Us3itYNadSMu9GxZyqkYuOQKSZTkWdocyhDqXyNXyOW,mtillyerau
392,dnodenav@cnbc.com,$2a$04$COL1GJqDhVHYum3kkTxnYue/ePA6CvHi2kK4i7Wd/F79BVRaFY6VS,rsandarsav
393,khallumaw@pcworld.com,$2a$04$.tEhxn7wC/hRX/gXxeVfAOniu7DgSNBAkJH.xGw2T/f1lSVs7/.Aq,ptongueaw
394,mgiacomiax@bluehost.com,$2a$04$RbsSZFk1.Vo4TC60pGw8LONBHzYdttAqyIYeeL.tt6j.L7agDKa/O,acrucittiax
395,flougheaday@omniture.com,$2a$04$8JTk4j4QyOAHNHjO6c0q9uzXCBa6m5BVlKDOjG1V9fL5S5Ix1TK3u,mgrundyay
396,amanclarkaz@home.pl,$2a$04$B7tQNAbQbKTYsk/9DlUxeeka30iLasQMc5NBlwDa4RwF85.edDwSu,hpickersgillaz
397,ltownsb0@google.com.au,$2a$04$mi0TTQ.wlJuukiCCnTjPxOUScMRivsgzDOWO79DnjQo5tnz3sy2Mu,fotterb0
398,aeburahb1@engadget.com,$2a$04$ck2arbUVlIW78vPm2DVSeej2UkKjbX0u2HNSYfrypcnXvfL9feIay,lgjerdeb1
399,wlardeuxb2@marketwatch.com,$2a$04$1OEg5I2WIXv/NUzV1lGw9.IhRBhGwK8RLRImdAM25SQeSJX5KA8TC,bbellhouseb2
400,vculshewb3@wiley.com,$2a$04$M/iuBeLYyu61H2fBp3axxesJ/IbJeXyJ3pwVoUInUb2PWNWFaJCh6,flidgertwoodb3
401,msongustb4@furl.net,$2a$04$ofJI4qkUGaqZJ4bzWoTZ4uP059I90ekIfdINqt2MBp.4j76t83r2S,lgittingb4
402,rfillimoreb5@shareasale.com,$2a$04$TLoujsWAU7LqLjL1LM2tq.yr5xlBCjxli.Tmf1zdi7GpoNNktyEQC,lmaseyb5
403,gflindallb6@theatlantic.com,$2a$04$nzOuC/ZNx1.7a6zlfyyvN.c.cb8W6J5jbXVSwRYRrarh4809GR4H.,lcopnallb6
404,dglisonb7@bloglovin.com,$2a$04$30T7mJb/gFiRDHzNi1Ib7.S2lY819nn3OFlZ7vPkv3zD30Irqls7a,gbrichamb7
405,nbuesnelb8@elegantthemes.com,$2a$04$p6sIMLx3zeyHWRJmAGGdcOaemLoXGEO9MhRACtVjzTBOjvUtOuTT2,tskirrowb8
406,kmonrob9@fastcompany.com,$2a$04$93FEbCFDK.EzrKxJ.CcWN.Q6X.vhm3esMJFTsIn7nC0H91nptiDD.,scureb9
407,cstansellba@intel.com,$2a$04$3XzXT/vMrBfwFVKQS1olSO1JSwE07tb0eRjRHMGqLlMJSAfwnYHiG,lgendrickeba
408,kbordissbb@mashable.com,$2a$04$iGbPQmEEzRIxJ/q2jpr8mO7Swsj4D.8i6NagApWShw75pzkO.AMeO,lmaudebb
409,calfonsettobc@cbsnews.com,$2a$04$gan9Mqqpo08KyFXKBhbAuuxSfWy1WfQB3hlJ.NnNPY9vTktwGoskC,rbyresbc
410,ccorintonbd@berkeley.edu,$2a$04$LXHFUay1/MQqf0y9gyV6zOJSvygcpUOSfAhvpFSGPT0mRAFTfwyjC,mcausticbd
411,beddowisbe@washington.edu,$2a$04$2PxkBxMIn3XQMgQpg8knlOCKeao64ik8xH.j.1wD4Q7V21ELRkmuG,jofihilliebe
412,rspilsburiebf@woothemes.com,$2a$04$QwcPk.Q3p/nTckWoTDHjo.tJp3LIt2dsFIiLO1JhADTH3cGXPIJNe,rkenefordbf
413,fsurguinebg@digg.com,$2a$04$SH0sQn0AFHQq.pD/6T85a.GFd2K4DjrVm8UlAkGIvOfQ53vAZFFBi,rgrangierbg
414,cpitfordbh@chronoengine.com,$2a$04$Ue4/ELRCSWWkeQiGpw8T..hvy4coXXocaCyuJI7v99y6wpkTIKjWO,ghubbersteybh
415,rluckingsbi@engadget.com,$2a$04$UAR56bQAphgQQPDHKPkLfOntChkPhU.bNOvcUwSsNVs8EhVdOTs6G,jdeerrbi
416,adufferbj@tiny.cc,$2a$04$9vgCPrfRW0O3.IQ46PxShe6CXJ5p/uLq5QTgqAN1SD.S6tmBlCESy,mvandenboschbj
417,mdudinbk@abc.net.au,$2a$04$Ubi4dZmTo3l7GyZrt2xyX.Ns3l7xZq.eUZDjbf/V4j3CMTiK8FVJW,klebarrbk
418,bmctearbl@altervista.org,$2a$04$TJB0VJqBrxwIdfRZFTmJ/.1k4gvH7zWPSpoIkWiDG2.fIr75tcFYq,kiwanickibl
419,gtukelybm@gravatar.com,$2a$04$evPw2HYUi3.VsLEiSwJIfurURhJZAn9g7VvK3z2ydGl5U6ylSbRwW,fmarbm
420,rmattisbn@discuz.net,$2a$04$J00lgxO52rrnEC/Eka00neIhuyRAB7TzbSkGpR5nJqATwPYCkRXfC,hdeerybn
421,aipsgravebo@ebay.com,$2a$04$MSWHxgYYZHc307n74dpt.eNGYRXKMcN2vPd9RQAa81rI4SKIm/xcK,lmaticbo
422,jstquintinbp@discuz.net,$2a$04$Bob.N6WzbbY/AAsXv8Smx.VAO47scvCeFgpKq/eL2KXb9h8G/SEHS,mtullotbp
423,cchampkinbq@about.com,$2a$04$0LcHOMuM8IKuYH64UvR3F.rf0DpJuDNycQsDc8MBtKutlf4E08SI2,schastanbq
424,mmaniebr@japanpost.jp,$2a$04$p9ZCiGhf/dUuH2V7AXFOIOsXZFxE75iBKKzBOE9wBU56NwN2JLqvO,ssalternebr
425,jadlambs@sakura.ne.jp,$2a$04$a7BGvPcuyFtqXp/ezo1qe.l/HMM2Tbn/9e1F1n9mzXBl83Mgcuigm,emckirdybs
426,dcolganbt@sogou.com,$2a$04$jJ1dcayrVUgruHG9XaWy1OoT406HCiirq3mymwR74Oq7bGqSue7SS,lbricknerbt
427,rdjuricicbu@eventbrite.com,$2a$04$OGrvWU392RIXxy8NjoSGL.1nuOVQ2GLpHlqXchcrNZpGG4pBJorlC,jserraillierbu
428,lmclorinanbv@google.com.br,$2a$04$crbnPs3NdtONXx/mhXcNROh0BOzonT1p3ky2KwgnT.rNPvMnO6cny,ecoatsworthbv
429,hprucknerbw@hibu.com,$2a$04$a0rIW3G0aRr/GAdj4TAPaueqdDDM/yqZD2bAdbje2.unaQgs8SLBa,acroptonbw
430,pgironebx@hugedomains.com,$2a$04$b17.kBGCgQVLP6cuM1FoJuRsjJJ1gyMPIIhKConhOcAK2C/3eeAYS,rdurradbx
431,sgrayshonby@barnesandnoble.com,$2a$04$Z1l1L7IBQVTA8K5Ck28hb.UOSqQwqDTF2GBXCEkUHjXM/eQ2hCjCy,ehawkeswoodby
432,pesterbrookbz@nifty.com,$2a$04$y7co4FqIal2/Y1ofi4A4KeaQ0IIBcPJGi2Hc7ks3shdqEq4qJDAvK,sbauntonbz
433,rajeanc0@sakura.ne.jp,$2a$04$PVbQKun1MKQcyh3Z3G4I4uviHbRWsK4MMVUlQ4oSbCEP5HhIcd36K,gbrassingtonc0
434,sheisc1@networksolutions.com,$2a$04$NbS4cgQDUZBd2tCIHKSJVOdF59j2ajNYPv2RI7xLr81RUWS6UHysa,kmilvertonc1
435,drobiouc2@bigcartel.com,$2a$04$yU6EmKLsdlnSiNdGzHvbDeevqfQY1mzCArFCTEyi7b0srE/qdv9p.,tjanousekc2
436,criplyc3@businessinsider.com,$2a$04$1VQU4nfatyzFWtrHGEyFFOSe8ewxTdF9gYbOKULlxEttaCa5mxqCC,dbartic3
437,ahalfordc4@ifeng.com,$2a$04$Li1nC8eb1De6/TdxjxupReWV.Q.BEx4UqbpRq7GiD48mhb3toEqeS,lwisniewskic4
438,hquinnellyc5@fastcompany.com,$2a$04$l5EAcC57FCRMxml4ns16d.fUR6msXMtjDLyN3CPFgbsobGTWriEd2,avreibergc5
439,aixerc6@xrea.com,$2a$04$nmC.EiGLzmSEJvLAAO/N3.j.veCloSDMnfpkfCH3T6ZKWAgxNSMa2,acanbyc6
440,mstoutc7@indiatimes.com,$2a$04$vUWxsLJAYjd4AMZg3ctze.M7mS5G9SN0t7vVSb/xeFS.tJGU/xv.W,jcraigc7
441,bcartnerc8@studiopress.com,$2a$04$9ZDRvfzc6AWeX1x/vy/JMuRCHU1Ztn/vUoPLt0B70HwkJr/xoaovK,kaspreyc8
442,dgraverc9@github.com,$2a$04$chP8kuajtAzJtvTNfapytepjbn4K025y36fL9D9qvR7Bfh8F4dxfK,dlearmouthc9
443,apercyca@icq.com,$2a$04$PgPqjdTowiGlBxzqwg5wguujUUxBeNjtfSPaihKMnQzw.vyt/QbDO,cscoullarca
444,rminichillocb@marriott.com,$2a$04$/F.oX5mwT0lmwqCrwn4fuOpv/cBpL6AOiMMk0b6IDB/82FpmJNuD.,utwentymancb
445,dlongdoncc@cargocollective.com,$2a$04$4YL/QtNLvz2swyTFVG5BEOX.fnvLZBmH2yEOuvcrA.tjxuDniMzGG,bfoxcc
446,mtithacottcd@dmoz.org,$2a$04$eRd7SZUWbQy7lfrpAUg22eD26R.2f/DKDOVRtSXcwO/pmm11l8ABq,lpetrovskycd
447,tdensunce@imageshack.us,$2a$04$xGxkOAz5rVtUGHyYKcUBueK0jrne9kNca6qR9ozxPLwnq3lnMb3py,aezelece
448,jcavellcf@xinhuanet.com,$2a$04$PG4W9S0yFiDJDRerd839muSwQ0lV9pL1gagHvN2zAItn3dUTwc91G,sbambracf
449,srouscg@example.com,$2a$04$TZxxH.HBGPusHM6Pl4IC7O.Dh2DuON.C95hKMUDeCEYeZaNyInSSW,marnoldicg
450,iduiguidch@netlog.com,$2a$04$hk5yS.V590Shikro0SoDEeWq78bwCqwQVrRA0Seh/rUrDSrorgRvu,hgoldsch
451,lchapellci@weebly.com,$2a$04$yVGe4A002bLb9eef41MOFORR3lP/Z8/Il./m.J881.FlDbVbU7qIC,tnevittci
452,bhoultoncj@nydailynews.com,$2a$04$7Jwjgdu8BB9ruwSvaC.PPuI9regB7PlfME1FvmBxlUF2TVMUZSPiG,chellwigcj
453,cwiltshearck@vinaora.com,$2a$04$ylC5XwDjyJFEUsquzPrGxeVGAn4tJpb76NClUhDLHcUxCcC.KFaf2,bsolmanck
454,kduredencl@shareasale.com,$2a$04$aSJL9bpfl7psfu0B6t1u2u6yWL9xQf1m1JeubZN1p51oUbWzOySiO,wcoadycl
455,bduckercm@geocities.jp,$2a$04$lyczLxegBPYTR0jmEfd0reqpELTr0IFafkKSnDtNgZcfwz/gJo9Hm,phileycm
456,sgillanderscn@bbb.org,$2a$04$qR3yLLkxh80FQGSFx/gO0e5c4wyj5z/6QWvEsRZ.9u9l2oRNKaNHa,trecklesscn
457,rhalcroco@spotify.com,$2a$04$OvkqW9nZ5qy2O6IZtJIfs.wUYDYW4/7TxsCLZj09SWZjc0odMrfKW,sscurmanco
458,bbudgetcp@indiatimes.com,$2a$04$.N3/sWjG/g39LUz5dBNSAeys3S2YWlbXUmUszUYo0JiWf05IUWpCK,jmacparlandcp
459,pbottoncq@paypal.com,$2a$04$Gy4kog.DewDe1dL9TBYxyeXWCJz1lQgjxg6M4wSd.vypwoWNnUOE.,llattimorecq
460,dchadbournecr@ft.com,$2a$04$gqzY0L9otJZM2zHQ/Yx8gO5e3CuA/sbOk5O7h8J9zWl21MDstCt82,abonnincr
461,bmapamcs@github.com,$2a$04$BxP1hC92uCDKfVlAwryUGuLYFIPtghAaxum8RFX2dW0IAgAWONRAq,rsicelycs
462,mknealct@exblog.jp,$2a$04$XBVvxZcTfzMYzK9G9r1nmubrkbA26zlykBP2C.oiLF9fycjVioxVW,dcollingct
463,usommervillecu@mysql.com,$2a$04$hHYfTMTv0D09/z27ssKbs.2xPxW3agy/1xburV1IpDFcO.qD4g9Dm,jziemenscu
464,sdecopemancv@archive.org,$2a$04$Rmx5WP7Lj5Lb60/6MPDwU.O7p/9NpFqcNmE7FpxWHZvVC4CAuCC1i,smackiewiczcv
465,jricardcw@yolasite.com,$2a$04$xFkRKqHLgskiOIIK29FIe.HKCy5RW8NOUAvReNlI0guIzejS9eXyq,bdalyellcw
466,skleehuhlercx@cargocollective.com,$2a$04$1yvUuEf4BJBnnVqcsZScF.hqerblbiHnKnZrATLyGk400kG52TCR2,uasplencx
467,jgoodreadcy@twitter.com,$2a$04$M3VWnzZBtON12HBM9nMmpe7ohJtzA0JyGTIRqcVlGDFZ7533C0pyy,rsimancy
468,wmarskellcz@baidu.com,$2a$04$GcNB7zhxNFtL8c/JV1Iz1eCirLnAmqh.ERzgQ5SUqRCBfvm/bvt1u,acicchettocz
469,jhouseleed0@aol.com,$2a$04$Tep04s/c8HlC/l04TLH28OmdcdUX8XMznpDv49F/SYoFeMXTEqbZG,htomesd0
470,vbamfieldd1@nhs.uk,$2a$04$QzS1tztyAXb7tULN/CPX9uYEUG2uc0h69LcszgdenNa/m1hBqusoi,klotond1
471,hhonatschd2@cnbc.com,$2a$04$iox/Pj.K1ii3BWe1YTFeU.Zr9FF7RKBGghGJhEe0q3OihhwnTnPmq,aalmackd2
472,kmatieud3@xrea.com,$2a$04$M.KTizaJSTDuGbQS4NR5qO4yM9Rdj7H0Au5qdUOB9Ylp0ehpf/qE6,tparkind3
473,eannandaled4@nasa.gov,$2a$04$cD5KqpXRfjK9R8rOBQimZedWJ2dK9o6krzM8GXliKTQ.wpv1JE3b2,pchapirod4
474,mscotlandd5@washingtonpost.com,$2a$04$oxrbueT29yyeYBZUlGm5HOqFV5XeIYHVhsmf.qYhwQqMk8z2OBRTq,millingworthd5
475,gbilamd6@last.fm,$2a$04$Y0TZJba1IMRWEQW5BNPRzupGtNDgAyau80JK0TF.a8tS0r0bykdI.,mpoed6
476,ischildd7@netlog.com,$2a$04$5c8dOOBjH8STzF8e3MmQ7.PNumQCsx314ONtKu5v1rO0zMSuQ4S0C,mdootsond7
477,icausnettd8@webeden.co.uk,$2a$04$Hk2DMKVsIOVJSG499MXpJuBRmjjRplO9TI4Pmc3VMsG5POFJjHt5G,fgeorgesond8
478,ksilled9@hao123.com,$2a$04$ev/CxAfOT6vISmo0OGT7h.HX4tcWYF1YII605zQdWzi7gs79GxTTK,kbulfordd9
479,fbeaneyda@pagesperso-orange.fr,$2a$04$IZmnCA2X5xSYE7EwbTvxke26N8.CaPi2Fs42BfY8O7zKw1vCc95ta,cmacdaidda
480,acosterdb@shinystat.com,$2a$04$OTDVobLJ6r2U1jJllU5Nv.rA2BWBjKLVkYyNuIaUAV6mHlrGQhUXy,blaffoleylanedb
481,ldedeidc@sitemeter.com,$2a$04$N6zeCgho/EEvpbIhfRESROfgvDvOvpugAix1wmhFIWwiODIbMw7De,spowneydc
482,eemansondd@admin.ch,$2a$04$gIOm2Xm9mU2JGNLL3IRfmOe2y3yeRqiRoQzVNQYB0ioUjPoGmF/aG,zlynettdd
483,jfranschinide@bizjournals.com,$2a$04$nMJd.dszVfA29vSNRRAQ...uaDgN3eWYmvJRroWxe2eXCwdy8dSRa,effrenchde
484,egorgesdf@nasa.gov,$2a$04$B2gveY.KHvSfelB3UKpj0u8fXFE0MkhobDS9iQ2U3THH61r/zt2y.,ejouannydf
485,chalfhidedg@4shared.com,$2a$04$E6SrhiJ5MDCu4h3GvbS6S.7OG.tKDLqRrIJMdh8MSv6KXy3Motz.C,njephsondg
486,pmahometdh@bloglovin.com,$2a$04$sm0HUWeKxJz4P.6waFh.AO9Vh8Zc2ipJLiYSaTtJxsaUFGLkWSrZC,cmcbeandh
487,bcaslindi@bravesites.com,$2a$04$IyOf75zbAguZ3rxHwlYZv.A34vULCTCTwCNACGiq7v6SPWPQ9ts/m,dcouchdi
488,esacksdj@ehow.com,$2a$04$gNqKnfupHabk4jbsaV/NpuP3kQINY9JH1vs6rtqJ4wVf3VIsSR8pS,lbooledj
489,slambrickdk@msu.edu,$2a$04$tLjVWjSOL3YsW7CMlKgIQu/ioXORW1iasLH4lSyi7Jy2xQQ7E5jNa,siggaldendk
490,lsnasdelldl@businessinsider.com,$2a$04$A4twurZDV0ST8D0OyLnYI.apLw6CMQVzD0crg/97ljQ2yZyhG98xS,amillindl
491,agrimsterdm@bloomberg.com,$2a$04$ZURaxrhKwKm6y9VUPVffHeEbbmkC6LPbErE/7YkCBMXMN4We.p8Rm,tlamprechtdm
492,dskoughdn@java.com,$2a$04$mqZ5nTissVofAdonMo0HTe9PDj56vNNUc7OBwjx2QDcIEgGsS5heS,pdelavaletteparisotdn
493,jtemporaldo@facebook.com,$2a$04$c39IJtXve7VjkxWL17baueTxlkaMxEwwX6eYIMUCeL4422ecybaVS,rperviewdo
494,fpautarddp@instagram.com,$2a$04$U.D9No5Mx08/1qIfJJSOQOZ/AHDNe5uTc/sRQkqqqEUAz2KRDOr1u,jchampneysdp
495,jdigiacomodq@jugem.jp,$2a$04$JK111GW4eM67K81iaKYuvuXJN8CXHYHhFCDeZP9fpmYNMeDLVc97m,wsuttledq
496,rtysackdr@godaddy.com,$2a$04$QicRMwTavp.Sw6ryq3Be4eSsk6W2oeQcmKM2f2rG1lqYVndkSgtxK,amcgeochdr
497,obrongerds@icio.us,$2a$04$bd5jPq7CF9D1lHHEmJrEDeacXnMw81UhZS3j9z.KAnT7mLuGUhKKG,jstrathmands
498,kisenordt@ibm.com,$2a$04$KbOacNBqHX/L33UtLxKUz.BQ/7S9PIbPJNYk5mI5lODlmdIz7.j7a,obarbourdt
499,fteresadu@cloudflare.com,$2a$04$9omXl2FfQK28P2DabZ.7WeaSEXTY.P4OewBeECZwdUGF/SYZVRDKi,fwoolacottdu
500,tgraalmansdv@infoseek.co.jp,$2a$04$KicQZBmt4ZjnOMWZvdlrg.RYlF3NJUM03VO2eD3m9qZkPZ3LVHjia,lholtdv
501,byushindw@squidoo.com,$2a$04$zNYCN.JBOMjlKeS0IEs4V.FhlvabqgPDRAFfp.JdAY2/dpPN6SLyu,apakemandw
502,lphebydx@google.it,$2a$04$8mL38VrnujXN35hVvevJieFf7b3e9t10mk3FMVPc1.7jMmkXClgD.,hgierdx
503,ddavidavidovicsdy@zimbio.com,$2a$04$tFdzL/7n.yQc3M.rQpkH9eH/MuTxgvNBUb7U5D3zhbISSXzRR/UOq,alucusdy
504,utothdz@google.fr,$2a$04$laxoiJ6yxBThaCsk8yNJGODyByp73DxL3bJFsEPb7vJJwYyEj4vzG,gscroytondz
505,bridene0@dailymail.co.uk,$2a$04$8ga7gMebRGDrFV/fEUc71uJGQbgyT3WSECLxdQakF8ZlOTYNx7S7q,kcorlette0
506,hduncansone1@taobao.com,$2a$04$v2kt/BECD0b8763XlRy8nOczl5Z7DRCTOMXIUIy4kH1tS7QGvu96i,latlaye1
507,lbruine2@vistaprint.com,$2a$04$v9ix4FK5SuvvNCscBzT5NOQAUotKCuQ/SjZi25NuW4AaYSeISt7Ay,tsherwyne2
508,krenshawe3@irs.gov,$2a$04$pm4bpnEGmheDVbPTt8kIv.rrWKb2PIGBZDyuXqv29ecdZo6KWFE4.,tgettene3
509,aflahye4@whitehouse.gov,$2a$04$3uoF0IfK3nOI/1ckXR.nCeoDlCoNKF.1TspcGDc3mBrZiNEBNV7Gm,tlitherboroughe4
510,lbuiee5@google.fr,$2a$04$.dDTe/LjC8.aPh7axrCvpO.pMYNYwBa.oQz52Ht1xF8Sp7whS2ALG,rmenichie5
511,mkylese6@tinypic.com,$2a$04$H/uLzCWebJvvds/er3HgsOeFTIdOAB/MWZ6cOO5C5FdGn18xsSjkK,cyockneye6
512,ceckforde7@shinystat.com,$2a$04$qgz53TsAn62coyHQcdDN7.RODhMHQX.pkUVJLGEFUAtTmIvm2Mcy2,icerseye7
513,gdeale8@free.fr,$2a$04$h7Ku04E26fM/aR2Zwa6cpue/.ZYb/jDLBWOREDmIPRHStV9QaeJSi,smosee8
514,trainarde9@prnewswire.com,$2a$04$6QHxo.kQCMiaLQTxTVcyd.lUqmqVKzs3JdCfVtu3f2QfxC5iONx3e,bbrendee9
515,kbunkleea@addtoany.com,$2a$04$1YTQjZJ9KbTH2fzbi2LfO.Mqq.pvSCLuQS1YkpuwL5ujN6kojGirC,wcreeseea
516,amilliseb@weibo.com,$2a$04$.qubjqOJzO42kNYvarD2YOiIetSdqpkK/ofl/JijxlulD7ae2Gc1e,fharbareb
517,lbriggeec@ed.gov,$2a$04$i9HTgyOMFi.vEWUTBkW4neXVpPesZuu92OKWgZR.RRaLEsvkBQETO,jromaynesec
518,lgettensed@arizona.edu,$2a$04$hKEq5FsDDGptK7suIVelF.Qa/128elqExp7FXhviY3qceKEWAmbKe,cheimesed
519,meisakee@issuu.com,$2a$04$bwM76mzqIUL9U1.DKAk/ROX666yVc2QhbqU7SzSR2.nyKToeHntVW,omaindsee
520,mrappsef@unblog.fr,$2a$04$A7zkfF7cGpJf5T5BIGOBZun5XnGhsB2.Co9DzfAS6dbDjnowTndFK,ggilsonef
521,ehuffadineeg@mayoclinic.com,$2a$04$IMxOBlxxXc7d8oSRIuxSLO.8Ur.RkfNo1OYjTiAj2JVZs8cSqzU6a,pellareg
522,laistropeh@mysql.com,$2a$04$HfeIOUbvw1fRdp22i25QCOIus26XdD/Twfxz8/bfAlbIp1YuVyih2,santoseh
523,hdruceei@alexa.com,$2a$04$dLCg00BsmVOKwtI4v5DdXuyeoZvC8.XaqlOf.w5pQwhS1T/oqIT2K,lcicciei
524,rcrevyej@slideshare.net,$2a$04$RKOOrF2rz/6q/CY.6yDFD.CRmRRygDaQ1JGt6Ry5Bs7v9mhjdYLAO,aduckerej
525,nalekseevek@nhs.uk,$2a$04$Se3xEqTv5wH/2O3Ru8g/xe5zVv0ACs.jSIofXTqxPxIWhfVfNhpdy,vkixek
526,mbursnallel@howstuffworks.com,$2a$04$AeoqkwU6mrvpYO6Z9xBbMued.eLgLyQ8sii0l6RqWHmCjJuBF8NkC,rcainel
527,sjeramem@dion.ne.jp,$2a$04$uyNqf3fy/bPQoE2snSdcu.wOUlJW8s2ao5TYdzTwfAzu90zHPt08K,sgherardesciem
528,gcarvilen@discovery.com,$2a$04$wUYnPUOKzQZPKDmIjJK9TOmvDhNEDQIdgoiAcMHLrtH6ihbeA7aRO,awrotchforden
529,jplimmereo@japanpost.jp,$2a$04$QaGHtQswcChwdzKabmjue.pg0KPjn2yjOV8NR/2wvzNoBl06VFp3a,cmoyereo
530,aoglassaneep@blinklist.com,$2a$04$VsamEnEGCZMBXND.sS6.rOR6Nxuz5s1zS5j.R2dVO4/3cSPUTFLHq,msalmanep
531,pmordaunteq@loc.gov,$2a$04$7u07uQtS26SJbY7vBcYQyergGDHL8Eo2LxxhsfjFY.AJpSd6BS6m.,acoltarteq
532,mmccrachener@twitpic.com,$2a$04$Bieg8kT/K8ryuaH7B.U7v.E1cbhbrCNi/VGQS4wqVhnNiBKRarDaK,mmackellerer
533,twellardes@epa.gov,$2a$04$BpsV7RjQnU655SAzacHSYOpDEpPG9rPyW7FCtPNbLUlzBvu1cRsoi,ageilles
534,ebrameret@wunderground.com,$2a$04$ug4Ut5cKXQ6j4peDCfWWZO9IKTBI2VkAuipVkjsL84ZxmDhQgJPEi,ccomrieet
535,tvalasekeu@ifeng.com,$2a$04$INP6c2A6ff.qwGwg6uRMseDwzx1Ct0.fBBaBm9ENOuVWO9SGIwQ0y,zbrevetoreu
536,challev@about.com,$2a$04$6qSlsjNjvFOthORy5XBENuLDvWHuMp2CeBgeRssWFfHTJ0ZyS8hUG,mtavernorev
537,hchristofeew@networkadvertising.org,$2a$04$yXC9quFQWezBX7u/a84UPeMuWyOrifses2dmAbUg5wSeRXpBi/Hgy,aguietew
538,ayongeex@hubpages.com,$2a$04$DWhN5NpegLEJWcIR2RxFgu.uy8DObHiUYsQq2leRzaD4Wr9sCiszO,rkalinovichex
539,cbeafordey@mediafire.com,$2a$04$6ksFpwvN7mBLJETNbCKIHe1kh8SKeUGK82J7Cj53FXVuL3.qG6dUa,jtowlsoney
540,soheagertieez@japanpost.jp,$2a$04$uc5odZHVNKJFu2JfylIgpeh0D5kEYwuvnmmuUuzsB8d9Vdd2pSkTW,ggarvanez
541,lgoodwillf0@unblog.fr,$2a$04$D6xpjU2keUz4SIZmqL5mm.Ih1VIu68DQV.fJYe.cYge/OPCKzgZFa,ilaxf0
542,owatkissf1@answers.com,$2a$04$ZP/p3EFvhiKSh3gp85CIl.i.p4oZ5onHMBfQySHK8SQD/zNZaTX2i,rsamweyesf1
543,khowlingf2@w3.org,$2a$04$G6mo81100p1YUjfoBcklDux/u9EcRdnmoLrgelNtazrFE7Tk2cisW,hyakuninf2
544,cartonf3@joomla.org,$2a$04$0zS.N4EgBP/Q3TJHRLsXie2ryOf0Cf5iMjYj3DvtXOJSlBL..ah/G,ffeavearyearf3
545,mheyworthf4@webs.com,$2a$04$RBXVQpCo9W/9vB6FKw6ECej0YuG.vLw0KjW7mKt/LAkbWBKJWQM4q,lbuntonf4
546,nbuckhurstf5@nasa.gov,$2a$04$/muzzRZoSjgPjbv09W0p5uTI7imzzSBZ.0XZwQi0k3FRERTJ.V3be,ahapperf5
547,tcollsf6@europa.eu,$2a$04$uGbhPUzbvJUF08h6WK4AL.pN/Y3PJMkNeORNl7hinpR9CjzwxHZSO,kpascowf6
548,scarruthf7@soundcloud.com,$2a$04$g0Gqolhk2QoW7Tcgo8WYU.0BXt7Il74q2kfj2EjZ.mevIPtfGEJlK,ceadmeadf7
549,avanyukovf8@pbs.org,$2a$04$BpUYfyhi2QI10qog2OsUJefJ3aAaclCW4T.vnj5QFr8Ud5fA7hlhm,cfleetf8
550,kwarnockf9@comsenz.com,$2a$04$53afjsOdM5sQ/ifRQlDM4uZMDZ6TVNj3tX0vNEOIOxkQjFa.oRLO2,cgreenmanf9
551,awoodyattfa@jugem.jp,$2a$04$m/r12ssBieejQNnZp2v3Qu4ENxXtoqFf8LzfgP0BvaAUSPRFZDVau,rreadyfa
552,dmeadowcraftfb@howstuffworks.com,$2a$04$C63qqbAMD0UzCfpacdpWXuXfJzkL6ddxXbiz1yFzTGANSjReH./n2,kmarrisonfb
553,mmcmeartyfc@howstuffworks.com,$2a$04$D7uW3d491gppgeWwpdXXc.BSi3kqr2L4RG1z9aByClGyXXPvoX4mG,mbignoldfc
554,broyansfd@instagram.com,$2a$04$KmRxiS/8770qcCNmJSs1t.ekDckH59d5SUQNadlRP1l2Gd98IrtQi,ssimmsfd
555,eaireyfe@kickstarter.com,$2a$04$2zkS.Ej19.PUdJNzlT5ewOAaE39sszlqOgFRTXYVkdHvczjw4hT/K,ncullingworthfe
556,mkupecff@amazon.co.uk,$2a$04$Ls6Gl390MGN9uMLNBPRh8.WTtAnhTNifSIqSrnoobzgHrIrc/ZDTK,bbrobeckff
557,cchristauffourfg@wikia.com,$2a$04$vemj1QK9C7dM2RvsLDeRXe43xhjYzE2WGOes0q3KEvEpeFpwRtqp.,hmeachemfg
558,ccasellasfh@mysql.com,$2a$04$iTPg0riA.9d/sMMQUlCQguFGVQljtK0s1xwaTdzifaF7wfutroHge,rphippsfh
559,alarterfi@foxnews.com,$2a$04$aU7lZlPapYFSo5MaxyinC.Pkb/WrpwQnNd5XS0rvi6gUeF9APks4C,tsiehardfi
560,tchallonerfj@arstechnica.com,$2a$04$OrPw2nWslUMgJypq0c.Q5.czAN22igGGQhaHFgWUUTy4nQUPwwJVe,cwailesfj
561,lchastandfk@patch.com,$2a$04$CBCpAMbyHSfOMTXq/0oGPeGy8LEIlnFLZ8PPL1eiHnIyXp25mxe1i,aescofierfk
562,gdefewfl@webmd.com,$2a$04$D7moMPDIRHhE/OeE1Nx71OaHg4FhzJIH/hxX0uALxVLqJGAPG1aSS,mfrearsfl
563,pmanharefm@icq.com,$2a$04$Wyh41GZ993QiTIYi0u3Zf.fj56tVMqLrzaAq4e5HSgXwJLpjMPuPe,rcrosthwaitefm
564,klanderfn@ca.gov,$2a$04$IM9pftXMD5IMExBrVevLde.bP2RthS1Uz5pHIxBLc.2LNBm4InFTK,bbuddingtonfn
565,mllelwelnfo@uol.com.br,$2a$04$p59FLQW9MWUCN1qYFmPpH.r.QYr391UAsw/qXBv0tQiF28/fi4EQ6,cnewlovefo
566,mmerceyfp@artisteer.com,$2a$04$bU3y.MlVo2cycMMACCrr3OQKtrb2VWtwXOI07iEeuYfmSrXncsI7u,hgreginefp
567,wclemofq@wired.com,$2a$04$zRfg0gWF7qpSSvv/oxmtouV0d9ASNOHxVfrNRuebckG9xaoRISg.G,clawrensonfq
568,tcherringtonfr@google.ru,$2a$04$3dXwY.QoXw/3zsgsTBpsVeViSMKxobPxXmnoB00KqOIAhkvs0ilfC,dgoldesfr
569,gwaterfallfs@weibo.com,$2a$04$fQohtUJKtCsPeK.AyfNJee4aH4FIOJqu2bQCqe02Bzyz.wd3UnDmy,cmargeryfs
570,djestyft@discovery.com,$2a$04$B2XIS.ofBOslWYoLNURcw.qnunuKKtuJW4uVK0LDOERMSJToSXVV6,kohoeyft
571,pgoraccifu@utexas.edu,$2a$04$xu/ILFrej9eGJhXzwaue9OyQPPxEhZYvEC2SOiw0dRSY9p6vHO3Yi,dcorsanfu
572,acorkittfv@csmonitor.com,$2a$04$ZSgm0Dyn8fhxOvgzBCuK3uG1gyavJO0A.1HEmspBva/mIRHhoIfJy,dstrathernfv
573,owittfw@simplemachines.org,$2a$04$DM7TLO8MAXYlIu6yAaWSwuhPy77LBxMk39kT9D3IJqSOyaWyQmnSO,afortyefw
574,tgoughfx@photobucket.com,$2a$04$Ju8fjwZvQ3UI1wM1bCvIEeG7Zls1cFAlt8QzuqXCjk4DUPbnsefA6,sfallisfx
575,mlafrentzfy@meetup.com,$2a$04$8Z1M97qakLaeDpnSbw.kV.gzGfoIaY.H2nVt22POcujMGiX/7TbOS,apeegremfy
576,cottleyfz@marriott.com,$2a$04$.MnyCeGIIF88PmIg80UxEe/k87JaC.tUBct24Dt6RT6LbT1ZM0ija,tmaccheynefz
577,volufseng0@statcounter.com,$2a$04$VPMIgGCKIRpG2t.j5XL.a.fVfb/5GUlpEjUygxMMn1yr9p1dXoGYS,deptong0
578,abaudtsg1@alibaba.com,$2a$04$io.wc8ePazXR5nP8ZSRj1.mikqowKJ/rLoY8UIqrx0/fBECU77dRa,sbagehotg1
579,mbigging2@adobe.com,$2a$04$9j9Rm8JNdpnv88B3ffLl2ezZOh8lZj9CMgVK0OrkWLR42utqOqEXu,hwilcockeg2
580,eilewiczg3@techcrunch.com,$2a$04$WH6sH710lDMeotZgEYDfM.niBRYiUO8rJwfz70anBS2F7Fg7MDop2,alexag3
581,kdevennyg4@businesswire.com,$2a$04$zu9KzzRXWpeWIvPkqKIz3OHjsbxL/OozsiaBBZLo2ScC/V/pvFBXu,cohanneng4
582,gmargaretg5@exblog.jp,$2a$04$ToD8HjyqnRf8lGRjzTuX9.54U2wvSo5k5tOvCaqw3eG5FPskDJAjW,cbunclarkg5
583,kwofendeng6@apple.com,$2a$04$6u.8iC7Z2HLo0EXaSUMlmupXDzSXMBWTdMwv.0H1DD4cyB6uMgm8q,nlawlingsg6
584,rreimersg7@hhs.gov,$2a$04$Xn2VEzWsx/TeynoCn1VZw.kJMfX6HSZecH4eB.AMqQsCR4vn9NHLm,bkitchingg7
585,eraubenheimerg8@desdev.cn,$2a$04$A9C9KQW6ym6vi/9sv3sUoegSVB4I/zi5dm7NIFzTue7cI4zG0AXp.,lmathieug8
586,cmeridag9@sciencedaily.com,$2a$04$qnK2zTNeJaQcSuPyPTsY1uZjRJmj3uFNrxTORVfEbzQIOsH7vohkS,uingg9
587,bbalwinga@wufoo.com,$2a$04$SXF1YOCYZL6f8K33byTz8OuVszUPTydbyHeHZROoZF1BaDxxyNwx2,garendga
588,hbillaniegb@oracle.com,$2a$04$irB8Xcf6rJ0O5e4RtbzHtuFW8R9DiBAYEsZsAiTHSorso0xX/WyAK,lmainlandgb
589,florenzettigc@is.gd,$2a$04$.vtjiq.4YDV0pnQ.Onn.zutn91Fk7uQ0mg5oVNxowBwDqhkrR.HCG,davramchikgc
590,horsmangd@gnu.org,$2a$04$esfSSAuTwrlISSS4XIVP1.nvAqLMCHIjldR3YnP.9Y7Ydj2M.m/rq,ngrzelewskigd
591,cmarrionge@seattletimes.com,$2a$04$yoff4ED3JYRv5EnV07gTGe2nYjw5m58.CiWmIe5w8TxZzWkEALKOa,ljedrysikge
592,plulhamgf@privacy.gov.au,$2a$04$695/XcanLZWU9YrKK7a0eeuQe4ZhjWU6HUSLHU8J8Fmwy.ghXbTK2,mdomenichinigf
593,dmccarrickgg@princeton.edu,$2a$04$AGZOneIQqB0re4L0lAJc0uPuVs2NY60NL/Oxv9AJMv5yeYFWiNqAu,gcapsgg
594,bsillitogh@furl.net,$2a$04$eb2THN3zmjgal90lwwpPiuq2YFkBGeGmLHJE4krZE6gE5.5lN4l.i,bhampegh
595,yandrysekgi@bizjournals.com,$2a$04$XpdpO/qKDFoI9tfv9TFMUucbVwWx.y.QeXCv6F40ZJpGt1We3cHa2,lsansongi
596,syounglovegj@example.com,$2a$04$R8Lhik8XQZLyMzBh4l03z.uK1MWRk7d7ktZlghG252hddwx/U1Kbu,cgedgegj
597,bhillburngk@weebly.com,$2a$04$2F2WcRy0Tu3mYo547oW5I.iALgg/vXwvfaHaiZzaG0zvKPPrJd9Gi,bcollardgk
598,fgoodreidgl@nbcnews.com,$2a$04$5KFFHCRSs9E76bL358onRumAGve3MqZp2Xf6O.qkhPwrHbyh/Tl16,fleonardsgl
599,gstoadegm@businesswire.com,$2a$04$DUc.G5ve/20zisRJm/qqFOPCU/WZPibZmm.L7QnfSi5uO5caEzTZy,cbaxandallgm
600,atennewellgn@dion.ne.jp,$2a$04$AqnGqn/Z45rYU9.8Mr3RV.pH9QUp8O2qRNfooRWTmrLRFkZJb5owW,apryergn
601,dhallewellgo@dion.ne.jp,$2a$04$7RewI8B5z4eq4ps5alzlsunHvPoH0YOARiQ19wHQG22BvFCV14N/q,hrexworthygo
602,bwhistlecroftgp@technorati.com,$2a$04$jwI9c0P97AnZVIdrJz4bsOYxS0EVuomVTM8G7NbJdA/F3Jogy8Pp.,ecrostongp
603,hcottugq@nba.com,$2a$04$a8fkpE6UO5nqxHCIQj9PtO69v7PYkb0GYwRdxh66qYS43lrcbyNKi,dmcguinnessgq
604,kwarfieldgr@wiley.com,$2a$04$6Mpc9/piKFjfc5aF/b3yeuSCfbKvG2SgDQ45U8cnMiiHDX13.14JW,lvasyunkingr
605,echinnockgs@si.edu,$2a$04$f3KoBTIdgIFN0nC36V3EE.hikU8HBVM8YnbGQQPCnbJD5RGkploUm,bwhinesgs
606,glyokhingt@hibu.com,$2a$04$ZWnxANfrDsiLIYr.UfdN5uE/gUr.TsSderd8J8jk1PAQUuvLguksS,rgimsongt
607,hlockiergu@hc360.com,$2a$04$Gl5PC7wRFyjN5arqzAukxemojblHLgLS4zcq49fsAwa2U6eOqy2pS,cchapplegu
608,bfairfootgv@nps.gov,$2a$04$7cLOLVIG0A1rH1fBBM3Q/uYoefw/TvgIN0EDrUXYuQLPZm.9cR7Oa,ilevingtongv
609,vroukegw@parallels.com,$2a$04$n1E0QT7tXCnV914UN79ywOLhB08BsbCdbM1YOniZLKIJ6cRGITt/i,abrackenburygw
610,mbozworthgx@skype.com,$2a$04$SN2L8QWRJskTwUtuZEOrwud3ScVB0Pz5YuB3YNtmMSbRVtBtvoOua,sspringergx
611,hlehrmanngy@parallels.com,$2a$04$eHERMwU5gfOa0Bi/tk2aVOIgaab4JdyUWTmPyRRjWkqSTnlCOKkkO,jkiefgy
612,rantonigz@harvard.edu,$2a$04$iJnlG0FIVnmlIRhf1fnbr.VO5gFxhHKNvciJh7l7fk.gtMQJ/v4U.,eallibonegz
613,rbryceh0@jiathis.com,$2a$04$xKeDVT0VRyJ539eFRleYB.Uhb5wVAxPfVmDI24XInX5siN1EL.Mj.,mlambshineh0
614,glabeuilh1@photobucket.com,$2a$04$kgmOMpEOYwT0hcyZcEB2s.Vx.OiY8l3/mRkBjbkyaH5zyu6vTLouq,snesterovh1
615,awherretth2@google.fr,$2a$04$zb75cQg4HB9oS6/dNri69OqhGXw/1kxZeJ7cKTtmFS1Xra5NVzMxq,jstaterfieldh2
616,wcorradinih3@eventbrite.com,$2a$04$pdRuLaDtZWm3//88TJSzD.Ec0qt0d257S2Glpqcd7Fc6X1mB6Wx4W,sfrisdickh3
617,gdecruceh4@skyrock.com,$2a$04$jQYjvfYfAARDvbYsz1TFMuanHkEjZ/.B84jGkuPpIL5Z9YCvR/1oy,rnilandh4
618,aorneblowh5@ucoz.ru,$2a$04$DNz.VQIZq8QiCm1uLlC7YOYqldqH37PPU1KyaOhtK4UgtxpRshEhG,ddevitah5
619,jposvnerh6@shinystat.com,$2a$04$v9RLg9bj/qkYE/1zkeqAgOvrNqmjkuvdC8tgN1GIxjJ5UxolxTIya,mhexth6
620,loehmh7@a8.net,$2a$04$0HKAxw.ww6FprtOVw.Qx/uq.P3YvIgztVl0i8BwZjE.7QgMOXXjVm,lweabenh7
621,djatczakh8@delicious.com,$2a$04$zPJnJBo2XjXjcufjBGbvZuQlkUVwDbhyczmr/66hv1QZn99MgMMoC,cpletth8
622,lcoronah9@fda.gov,$2a$04$7fhu4KNgaGDXfBSdrfLiD.poMqOfPCTnBsaPuPPHDmmiv4dLN3eGK,hdevoielsh9
623,vbrabbinsha@symantec.com,$2a$04$jR21dEGYmop5tv5rTeHzb.PJ63rm8Avn7EiIZvVmBRMkYz0xFGwiW,lpeeverha
624,dcollishb@rambler.ru,$2a$04$YxM.NGyi13Uyd9apBEUNaeGLF8O5.Ji9xV0Xn9TcgnX6E9gTowohK,ppescotthb
625,bcatherinehc@hud.gov,$2a$04$/VIevA9jmUdU0/nLA1jnAuzGA44gXZUoLFa2bh5TlaFtNz23fWs9G,mcodemanhc
626,wbenezethd@intel.com,$2a$04$T/ORjZe0tlpk3nM7Ps26YuVueIAZfYiHVTTAtnHZsBVA9zi0RUKk2,sconnellhd
627,rsurfleethe@wikimedia.org,$2a$04$KVf3jpIPJ.uZldS8IH8xEOxKjswTgbQC3JVXV/YDcynvmeVewEJ4m,adekeyserhe
628,pranklinhf@posterous.com,$2a$04$/irDNIz7EEPWr2vvK1iAxekk7p9q9hqsL1oTivk8L/EnRueNR1NbK,shenlonhf
629,rattwoullhg@hexun.com,$2a$04$L1Qo2saNshE9JYvqsQfOLeD3cjgkh1Wb4rEjaEt.V9ndCWqixvdJG,wbuntenhg
630,saslenhh@chron.com,$2a$04$Gb7yuXDuxj.AWNWMZGzD3eTP5fWN2IEUGEu5jCRB9sEZPmTYsfyTm,bzupahh
631,ndewickehi@comsenz.com,$2a$04$gtCg/xO8Wzby9pNlSXtocuUAoP4nwz3i7fboDlSE341Axe6hm5V7K,ewrettumhi
632,rgallandrehj@example.com,$2a$04$w/YbQv7oKouhEBViY53Sv.Io193Kz/JTnPqduC3EPUX9BwU2hxUR6,slamondhj
633,afoldhk@nymag.com,$2a$04$eSUAVyAdLENcbQdfNlFnxuTMarAJHq4eTEGhB6LX08ZdQ7S21D1JC,swakenshawhk
634,ninchboardhl@biblegateway.com,$2a$04$ZdZr.X/OBahVhAuT/mgy2uOpGu7eTX9Bc6emikxG4vEPaQStwCz4S,snorledgehl
635,dcragoehm@dmoz.org,$2a$04$semMj4jlu2/txQz9yl257eu0ILPKF6u6xGM6fe2L8Aq4QLi5Rr0Ve,vweberhm
636,awennhn@globo.com,$2a$04$e6ZyPWr6J0cRtVpeXghCtu2t9g5FWtdpHV5XVt5BWv3WMu3ctdH8q,aachromovhn
637,ablackerho@myspace.com,$2a$04$SpA9tLF9bQX9ppyaQXhafeYfLgQuW133IGEsgP8tOsG8NWDtgR95C,hgabbottho
638,acornehlhp@dmoz.org,$2a$04$Re/PVntZNoLO/GfiSxpxTu1KJWFwfSB/o9O8gaYiM4n/Cr82FLSRy,tclacksonhp
639,jkondratowiczhq@si.edu,$2a$04$HKvN4X2RGEzyEIgyel0tYe6tYwPIXXG1zfvz1JbBnZftbrPQIMF9u,mdodinghq
640,amcphiliphr@abc.net.au,$2a$04$09rVdymAXt4enmJBa3N0aOimRWJXrbyGidIdhbx5C.iSApd4P0RgO,vgradleyhr
641,erosenbarghs@t.co,$2a$04$AOqxazV/3T/OmOFsktUlSuHY2.7aQf2MRN/LdRvMcP0/1WimFUjoe,obiskuphs
642,lvuittonht@eventbrite.com,$2a$04$ySF4fcM.V0R5wwOLgUlJY.5mLKnZP7nzKzd9FGDCdW2SNbffFS0YO,ndetoileht
643,ghoulstonhu@yolasite.com,$2a$04$r8P/7ioXPRIM8HqAdz83BunNaYOvGk0uhckfUPgyFsdJvcdihpwPu,wwyeldhu
644,kavramovskyhv@trellian.com,$2a$04$v/CeMSQ9KCWkbdBxZFf4UuzLcIAw1kvxOEcCx7IXS5JLTkQzsRhje,whookeshv
645,ascholarhw@disqus.com,$2a$04$rBFoz5oWuC.jprKH1XUP1eEcFdTkDhQKUL8VjfNndrvQl603TuTDe,wjorghw
646,malbrohx@dion.ne.jp,$2a$04$7qBNQyCEUcLDnjiiaV7TL.rcgF0K9d1FnmyFunJ9EqxP1CSDuKPa2,smeenehanhx
647,tscobbiehy@wordpress.com,$2a$04$9H2MH9.NB.Y69l2kYcaqluvngSAOL.QiP2IZKnXrJO61B34/bPNKq,cyakunikovhy
648,avedenichevhz@about.me,$2a$04$PVfzerdunC3oRJKi.OjXzehel97TljuW3u8xQ5E9T9.mRV7Nl5ba.,ncutbushhz
649,songini0@google.de,$2a$04$HK9pGJT0fYh41ULI2AMZiuDffMIZWDx06/M6icH3d2T4IiqisP9hK,zlelandei0
650,scomari1@over-blog.com,$2a$04$FZoqSiYhGTQIHhDDKw9E5uBBF3YFFiDjq9F0mj3AeRcaOKRR9S.R2,epawlowiczi1
651,hgatleyi2@sciencedaily.com,$2a$04$JpX6IqIsVKcN3SXvKBHXse37ZUYN1.uVvne1mmEu4rrkz80MXci1G,wcastanyeri2
652,adedericki3@blogger.com,$2a$04$LnibQTQrsjH0YxiRNyfaMey8/uzeilkNwVzPcnzZTdLqq6Y0NjJ7e,scraisfordi3
653,srollingi4@usa.gov,$2a$04$hRxpQtSH6oz5eZITT9pGlOTEZjYjP5E1JWOo60ryMNPTnvdv2Dkzu,atodmani4
654,cferrieri5@lycos.com,$2a$04$giFZSzrtL2.MMKkdXovXle668nb4iBLvP.nbh3t1Vw0lRwm0wjOOy,felami5
655,dcoronadoi6@cisco.com,$2a$04$RIRRuTMowHHQTRfIm3tDpOAOj2GtjL/6YgcdMSV7qVUUIBKiGk2Tq,gkilkennyi6
656,tleylandi7@epa.gov,$2a$04$RWzRCtBVfw81tkNlK9/siurCAb2dZzKEVwJc/48r/TeL5GB/prEfK,fdegoei7
657,kpickavanti8@xing.com,$2a$04$Fx5V.gvwNztIP/AG8s8gXuFwgPDku0WZeEtYZmaU3WRRX3pgWqLxu,sbartleeti8
658,lenterlei9@cafepress.com,$2a$04$b6weYB1/gLeGsQ4OQuEp5.UMfuFTIynYY2ZXaT0WY2xVQRwNkNrSO,wcoggilli9
659,mcursonsia@aboutads.info,$2a$04$1LvOtmlEF5uBvUXeLPniT.UOyQ2nKPj7Q6LgopLkvt3HfftvYEy/u,cpointsia
660,creynoldsib@theglobeandmail.com,$2a$04$6xJ431MEFUFM4sTxI.08oOzlkwsXvENVwR54uiLKeGb1sNkciqzXu,lkelshawib
661,gsealic@whitehouse.gov,$2a$04$Z2zlqi4EJXj4vjRuttkyO.g2stnSicLOqKvEpLxGaojacz2C4CRgq,sfetteric
662,nstairid@about.me,$2a$04$TuOwhQZ5LJGWBJ7rTkdU0eZeX5frk2PzmXOiKmAWFhzAV27etndhW,ostrowanid
663,vtuckettie@google.pl,$2a$04$X8NpYQXFuTh0QpFFu/WNXul.PORyZ4NhNnlW7h5mNfxLwywhzYfZC,abaggerie
664,cwheatonif@webs.com,$2a$04$Z7uBQLecclTkpfCTP5FvSeQuZeuGzArM7Nuhsmw8YDnGov5/Xqt3W,rbiffinif
665,gchicchettoig@usatoday.com,$2a$04$Q/VQXAnrx5bbeROJ1Ii.LOij8Jq8IPwDWJwEGNaWRzMt15QZOzFrm,nrultonig
666,scrosoerih@marriott.com,$2a$04$HH3FfApRMfvN9O175a3Zl.HjOROwxxJgweMmb8e1Vse5rGMdnJk0m,rbreslinih
667,hlafayeii@google.com.br,$2a$04$rIIjJdHaabVVQllqtbo.A.e8m3nu5rRCOI5tLxWC0ikTzdN.TNkPS,mwhitleyii
668,jbenedettiniij@mapy.cz,$2a$04$sttqdwukOoJk3/bWWarCjO9O/Sp8sBcWi3Fy07p9BE7WKf4ZYnYRG,rhuckerbeij
669,dfurnissik@hugedomains.com,$2a$04$OMaaiZH61Caik1wFunoGT.X1kw6/cUACqVOhrN6ZIbif.2375tp4q,dcrowdsonik
670,hchiddyil@reverbnation.com,$2a$04$lJasKpAU1lDJCnsCQILdF.AlN2.imAeOeN1kfJwGWisoB9DYjvObS,llabelil
671,rfeeheryim@ucla.edu,$2a$04$I4wdhNyDoN0LGT2cPJScQOk694vzyqazpHEHkq1IC18WViSn15cui,scoffinim
672,dlegertonin@123-reg.co.uk,$2a$04$EiYRxQB2BTdW99QMo5X86etYenLaTr9/z5jGbEx4M5P2YapgukM6m,crolancein
673,hmeatonio@hibu.com,$2a$04$D1yE6vrLZ58o2qAOdd/9hOKGLSoVdrsK6QaX8wrThIIVMfoFWp8i6,zzamudioio
674,mfrodsamip@merriam-webster.com,$2a$04$MBNb81rFUGHEczEel4K3OeRR88nQLIqov/r.XoCkJzgTdzZa5ERfy,rnielsonip
675,snearyiq@webs.com,$2a$04$e3pyPDU0dXI0My8ALH3N.OM8D1HzZOpaxjSjV910jWGXeBOIHuNk.,afailliq
676,lflayir@flickr.com,$2a$04$POCjY7UoruzxlR7aJTF0du5c01pjsnQ4I00KJfxbAwyIGP0y3WDvS,rpreuvostir
677,mvenablesis@hostgator.com,$2a$04$qpyEitmqTKm5U9QumKgAA.ZHrWTAKVBGI2rR.Q2BBTEa/WoAOq9sm,oknevitis
678,jpassieit@dailymail.co.uk,$2a$04$Z442EfvHQt4EEbLqPIrARetwmCn3EfDUKLkJBLDFVekRZx.WtRtGO,ctissellit
679,gtrewettiu@typepad.com,$2a$04$mVHuePd4OM/jC9iYRCzSVOztsvYwAud.1lSl2VwSpHXvzgjXaryMW,dmaysiu
680,bpountainiv@naver.com,$2a$04$/7wbY8ocM7Fa.ay8MW5iBeDAwffWJRTGTWbfpFnQqUMyHMPLFoVjS,vdubockiv
681,scaushiw@ovh.net,$2a$04$Rvlw/m1vd1OkzCyA60QIOObl4tscEVGq/mO2LUG3XJmmWNJAHxegu,wkabischiw
682,kmcquilliamix@rediff.com,$2a$04$VoC0OJQSHTl3/4SLD/PAH.7LrSdZEBfdpL6Ehd3ZH5O2NcXYK2LiO,etetfordix
683,aluxeniy@bloglines.com,$2a$04$Uyhm3FzT/x6yct9Fbmd8uOtBH6b0XdJX2kavajumH3TaTUgeBVcKe,tmottiy
684,tholtumiz@homestead.com,$2a$04$tuaSZGILc9fUpZDlePoGbeT5FBB9HdlxwuCZ3/SIqZawH1v7OINdO,fbennedickiz
685,gmcgirlj0@statcounter.com,$2a$04$RodmqpnKTcjX9bImopMCE.Sm6vxOND7UkvOcFe/9byOgFTl8dOeVO,dpreshawj0
686,tyeelesj1@elegantthemes.com,$2a$04$zlybhDdzCiHsXZ.NBe/y0uSTfpnnCxqEkCJtxXoMrxEa/RMF9wlw2,nbellwoodj1
687,lmuspratj2@wsj.com,$2a$04$ZeO9fbzGZ.sMCAD3hf1gWOM3J6.G/8ezLLc45mIwlxAsdKm76dezy,bimlachj2
688,efeirnj3@google.pl,$2a$04$yrgoRcxh9mc/B12N.Ez8IOhfvJtLyRaEVEVysqENhOA4PkkIv6QCS,tchicottij3
689,cbampfieldj4@seesaa.net,$2a$04$1QCEZU943HKDAZpjJrcLqu407KR5Q4NoAZdGxKiCsMDHuO9GetDCS,eabramamovj4
690,hteesj5@webnode.com,$2a$04$nMoGzO.PyVl.vN3BpWKRLe7sdWmhdPlxTBjF9EQvRploayD5vBHvm,aturneauxj5
691,mivashevj6@hugedomains.com,$2a$04$uLH62NT665WhIunNu7cS..wiwuxSYS2fz8b2SL0f9H0adtpo/rzne,pconnochiej6
692,kpriverj7@meetup.com,$2a$04$uI22qDL8QcI7SxA4lneauufo5tKVPiSNbwd/ELvbKLKNBmU0baxWG,nbanaszewskij7
693,gverickj8@youku.com,$2a$04$rJ2uYBuJwhdnK6Kt3W5xiO9/igfkf7HHuHhNZNSdtIKhy0ipn4l3e,ncattermullj8
694,ndepkej9@google.fr,$2a$04$CBqSlv09Ya1ddLh9u6lVk.HXUFQbp1TUZG3dR/YdD6/mCcvwtq9mO,oinchcombj9
695,grobbingsja@blog.com,$2a$04$J1Tv.3ubsoFUJIFmodWHhejZOFRLaIlQhXtGo0ASd7Kpx.JxlHp8a,mriddja
696,lclemenceaujb@ning.com,$2a$04$eqLxjBg/I2oQvw9eU2.vyeuuHBkfHbja1ANCVNRlBPOa44Cfc2BeO,llevetjb
697,kdonettjc@tinypic.com,$2a$04$ZWjeEsTIlXfApsZ/tr7YAebUUO/6SW3hZU5/pfi1ubOv/h3j57UBO,thallgathjc
698,hbraistedjd@wix.com,$2a$04$gtwvCye8V8F7NRp5sVFPHe9Q7E.Xpx7qRgI.loQBPkrMWMZwKvu.S,lrestalljd
699,hcubbinije@kickstarter.com,$2a$04$EITTUNgzfms6hZh1V2UXKeG2sg/ywVJznNOsIKYVOnvXDDArwMxhW,ratherje
700,lwombwelljf@so-net.ne.jp,$2a$04$BGf.VPR2b9frmegRtiH8f.Buz/IEZhUPg4PwiykcOLI9ogL7aYdxq,aropejf
701,apencotjg@yelp.com,$2a$04$QbfwKeBkX/yIxr/8yMhpQedy8BQhyu6uTCtapY5//wtjtgwsxOse6,ncosstickjg
702,hdablejh@wikia.com,$2a$04$8n.srEF5.PDoLeiHXih5eOvrQaTS05/2erw7W74SxslRuhN9b1qJC,kfantonjh
703,ndanskineji@apache.org,$2a$04$l3Xo73cRCkJs8E86yt7IguEnQp8e3qttgcuW08x7lZtwdSlx4je3a,ggurdenji
704,dspoorsjj@hud.gov,$2a$04$K786U.Ffnis7ijySMWMC4upSKuMLXG9WF5YEmyNXvmmygCwuKB.3e,smaulkinjj
705,jenterleinjk@cocolog-nifty.com,$2a$04$HZm4Gqpt2ENcPurfOqgtjeky7UfQic3iQAbPd09Z3aPBFLiFlUSIK,hmcgingjk
706,sclimojl@bloglines.com,$2a$04$LFVjRiBqdaSjlquF0mmosOuDgTHxfPLu32JVqPD.9prHGKve0xxtm,wreedmanjl
707,mkennaghjm@umich.edu,$2a$04$XGS4HM3UH/VkMvqgwXWxRe0EUh2fReabgEoAvAXgqQJ2drjvg7.Se,hpoupardjm
708,amckenneyjn@apple.com,$2a$04$d6U/oDjzp0XTbs4bMmI9suYz76D7cflgkBgD.ZwVrSsrd7b6UalYe,clampettjn
709,aelsejo@cpanel.net,$2a$04$Hs0unTk9AeO5Y9Xm2vNVduGrAXT2z.fbYS.sWaWJ0BmwtTpStz99.,ptompsettjo
710,bkannjp@theatlantic.com,$2a$04$uMUT9CMcNxjR6/92L9ZACO0OQVW9T1g0dXJAfmmU79NvpOoT0f4IC,rfurmongerjp
711,iiblejq@irs.gov,$2a$04$lOiy0qNts6yK/4PbPYel6uuVghQZpA5AuGo/ofjI.fDwDp5HxBxTu,clankfordjq
712,lshreevejr@blinklist.com,$2a$04$ze7ziCz5uChw9.vUrF9p2eRIsnZJAlQZNH6GMoF82jMTjc4ZLNFku,ajursjr
713,ashakshaftjs@theglobeandmail.com,$2a$04$64/lox3vGWSbODjsWfvLN.BoShzHd3oDEq7s/R82vRjFchfn0cY16,efanshawejs
714,aaskwithjt@reverbnation.com,$2a$04$zQklqPrzrUPmZXpQgZ8JIuAsCFUkjPNpcU9Zc4KBMaVApbBlyViE6,cbellochtjt
715,sflannerju@guardian.co.uk,$2a$04$ujHbtkPyJkPRvXdoF5FFgutZsl.uW5KDJO1iehg3CU8p7jgAH9Cae,ppakesju
716,iphilippsohnjv@w3.org,$2a$04$15EN77iSdSdcF7jwtX/eBuEwrT5XPABDa2mUaakoZf./GHumo7SMS,lmcphailjv
717,kdevalljw@psu.edu,$2a$04$XpNn/Z32oGso8A37PO819OK7CEkyUCCuGTYyfy1aCFDDizfk466Na,tpapierzjw
718,wvongladbachjx@dell.com,$2a$04$EG/Anzn0wFwy/nd/nyj8/OkIoQecIlX8RWxz.e1HxFN2QQVxjdRMC,cjacklingjx
719,abrimmingjy@shinystat.com,$2a$04$SzLQmy2Zf2zuPtGIBiVjjuqcPKQUiCNxSs.QuHxo4aVwGOpYoh.Jy,plepoidevinjy
720,fkybbyejz@acquirethisname.com,$2a$04$.vQnxEfA/8OXQos2yRz/u.8FWyoUR9sPNlIROu0fUR21ktRTBAI1G,cfullerlovejz
721,jwethk0@clickbank.net,$2a$04$cTUsYpI6qII6ycsAk5K8KOtJg1VgYBmdBgNukwaSh6dVVy4tsTPvy,tledgleyk0
722,kbickleyk1@xrea.com,$2a$04$6arxSbuckoyciWPdleMmFu1CWAbFUgBtcJ5m5TtuiimGjsv49hKBi,pjendrickek1
723,aingletonk2@devhub.com,$2a$04$ULohlyajufCnyQznDYdXHuJLqsbrpkcXeNyXismjy2KFeRn/I5anS,ncassonk2
724,kkilbanek3@pinterest.com,$2a$04$.H.xrXjSqwgjWHP0mNCndOuujNEQDTCjaQtxLEVZOLKAnJD0XA8SC,awalkerk3
725,oluetchfordk4@yellowbook.com,$2a$04$wTrsp1oO8y1.8cfc3GpSqOCJaKyA8B.8wiYt0.HuyHLwiRASxctkG,amulmurayk4
726,tizakofk5@upenn.edu,$2a$04$p9qihsXCmY7L/EZ7stKfp.NxDzhf/bLTg8joDWLMZSPRVV59p3/LG,gcleatonk5
727,cfordek6@discuz.net,$2a$04$6ABMtEOwEwuq.pnhmFT4su87tHIHpP/7wfQW6Z.JzZJcoHcQgVO1K,gbroxupk6
728,nbrooksbyk7@sciencedirect.com,$2a$04$Kgtm8XzWPtVGUwbho0hfwuN0giK78TPOUYAt1zJ/6TVj8S1CqibDy,glockiek7
729,rkayleyk8@storify.com,$2a$04$KJz1SIK0BrCct82FQKdHweBEm4ZAQsdHRC20LwLQ06dBxb8BgtX3K,cbelchk8
730,khorryk9@mysql.com,$2a$04$Ey2lE7wx7ALjja2TJL6M6ut/2PBi6F3pU8rvorRWi/X9B9jQ37A9K,scornbillk9
731,kparcellka@elegantthemes.com,$2a$04$Brf6DMX/f.tCX8FSpyOWvub2Kgs616sQgumhhm4UhyaMXmjsxi7oi,gdeaconka
732,rrablinkb@mayoclinic.com,$2a$04$hzMjFNzs5KdBCOiDQLkYJuL1MGpB7VWlazfK6l.jQ4Vk/ocaszUlW,kwinramkb
733,lkupkakc@multiply.com,$2a$04$/qXPofJzTtKjJIOpNTuasOpzHM2lsQ87vXT7rlV/je/hPKAeVNnW6,mtomowiczkc
734,yflodekd@jalbum.net,$2a$04$5sfcqxfN0NPZeOXUFgXHlOLz1bMKFPQbthNf/wT9X5.6ODTvEdv3q,ebiglykd
735,jfeakinske@over-blog.com,$2a$04$ya4K/kjYV459aKYgzXcEgOkcrHlnGN7Si6w6e7U915fsVoeenplcW,llewtyke
736,kfoddenkf@mashable.com,$2a$04$TzGAF5gVMuRQOdFCbO8Ne.DJjEp6KIx5Mg9Tvd2F68nIt0F3WkULW,crowneykf
737,mbiscokg@elpais.com,$2a$04$TaZ97u3geQvqu.N5h0O31uehx3KGOfTwGFTk/HL5hbZVZHMjqS76C,bklaffskg
738,jharmsonkh@nsw.gov.au,$2a$04$VpXBFViBxbGfg9VHpadYZOY5gV7PHLQBkL5dseV7kvFqxiOrYsbCq,mthainkh
739,gmquhargki@washington.edu,$2a$04$yhjjEVrMMSCjGboLmMOTieGYePia6xZ00Ru8m756bpscoYskCVU4O,adubarryki
740,vlibreykj@tinyurl.com,$2a$04$x2BHP/nrBRmwRUjpkk3nmuqczd1GQLpwEwsOh0HWvB8aiAskvrPra,gdeangeliskj
741,tgreallykk@homestead.com,$2a$04$zriKUVhfdsc1UAOJkyBJ2efowSqMe6yCtS63goafLypTKPUz6k116,stomasikkk
742,mshaeferkl@parallels.com,$2a$04$1UkE0sM01pNsgQSwnki4neT.YoUjnFT7HpZA84uDnkAMOl1gLWmjG,sbathakl
743,gkordovanikm@shinystat.com,$2a$04$w0Hlhpgz9O8AF61MUDUiX.vFjjaqJ8DFdrKJaKHwAK8NqDzb3NbxS,qgivenskm
744,rtraillkn@yellowbook.com,$2a$04$Ktc2ANcO0k8V3geJe9BJiOlO42Q9papmqws6qy23kt6D./4JOetOq,gjunkisonkn
745,tlovellko@joomla.org,$2a$04$D2o0w6B5RNjlYU5MPeqDPOXTCNmXAA34eEiLpK2ZdXr0DGJW00xz.,kmacknessko
746,egiggiekp@hhs.gov,$2a$04$RUAlXa8hd7S1lxXM3Y3B8.4h5RDqyN6p0U/h7SZelQeXNY5svldje,fphippardkp
747,dserjeantsonkq@jugem.jp,$2a$04$iQap5959HzNoj5Ak1033me5tB7kyzv9CYzJ7k4G2a9GQwSZhXynW6,lmeiklemkq
748,sdennisskr@va.gov,$2a$04$g/RA.M9HQ2fIjSNdRff79eC/843rt56ARQoNZQp697HZotI2Ve7.i,uspavinskr
749,nunderdownks@wsj.com,$2a$04$Jlm289Xxdlk4.TY5C4Kzie6ho8QxpMI3Yhp1RLcEypDoCikAkUhee,bdiemks
750,kaingellkt@skype.com,$2a$04$KRT/LYXclbDm4Mzgmo0DcOo/FO8L4YPX9d./jd4Sxdw./WKKAZXLy,kbrecknockkt
751,aarkleyku@samsung.com,$2a$04$ZzDwWAHTK/IDDH2js28LIu7h7kVYJmR0u108T/I47QZKvz1BRN39W,jhalworthku
752,rstookekv@123-reg.co.uk,$2a$04$qPmyPy3U4Fb.ViOdsZ4PTeZBToh0eSf3KDvslm0V3GtvZqOvMbNju,dsweetenhamkv
753,jchattkw@yolasite.com,$2a$04$SABln05kfbJhn/K4yEpOnuCiT.Vee5NqAHbygENvhd4FVaE2vq11K,dvernallskw
754,mreviekx@aboutads.info,$2a$04$J9yx/2ogeSlntcXUjEgzJulP72qX1xYKNEcEmfD7mFiqiRi.N8Cou,sdodgshunkx
755,wbeasleyky@ucla.edu,$2a$04$rjMxn4LP3Hg2XfyRcgIoD.EuqaIEwQ5dRJlGCRn1hH7WDcNSbjAze,zroseamanky
756,geppersonkz@last.fm,$2a$04$HwtcF.aJmicXg2IIu8MTTeHQb6YaW38djaJKRebiGhogUWN7Eko3y,kmacgillicuddykz
757,sbustl0@skyrock.com,$2a$04$/fiiUaca1j1C2bmePLVZ0ugqST4P9Xz5DYUvK3TgWFRQP/Bq9AfHO,oguddel0
758,sboutcherl1@newyorker.com,$2a$04$hNW12pQzb6fhn5UE8.K83uhVMODAO/n2pirmcE0Qx/BlOUtLcohNG,chowerdl1
759,rtumal2@ox.ac.uk,$2a$04$Dsxt.6oCN7zemxJI5eTLBu8TiVDDMGGCYNnCmNsMtl1zbuVg75UHK,jyoungmanl2
760,rtargel3@amazon.de,$2a$04$eskGATmvyG4/w62PMNR4m.HMd6KQyaqafkgetH7bSm.A/tKiM3OBu,gpennellsl3
761,rgerglerl4@si.edu,$2a$04$4Z6JoSVQadjT3MtFde5.ce3L.779hk9GOTMaGEuhl.cNsRu2td/5S,dpapworthl4
762,tcaudelierl5@bloglines.com,$2a$04$gpTH7d10mnAZXCYEu5A5OuJCg8brG5NMuXGYesnZYLIAsV5FjTEfy,kjosephsenl5
763,cshortalll6@vimeo.com,$2a$04$FnpNjXqxaX.lTHPKJQdK1eNUk9a5mmhnh3sBNDKtsE/xC1mIyS7qa,rmalimoel6
764,ddecristoforol7@microsoft.com,$2a$04$DsXwLTHEz33VRp13vc62c.xcBxBf2I37MzXmiFd5PhPQvz8t/oWoO,phoulworthl7
765,mleydonl8@usda.gov,$2a$04$78m1jkUTi.FBLLKQGwcyT.xckwJJLD9bBS2BqZdL198q2GOyRzPb6,ejovasevicl8
766,whumbeyl9@tmall.com,$2a$04$K4ZXon1PGrKFycWdB2I0YuRUOq6PYsEIY119WZmvwJaCyVFm/kVr.,gbeetlestonel9
767,amacparlandla@opera.com,$2a$04$dZMk/lyb/pPV3MwfTnIlueQVM6rsfw1SMyy5DeHWYhFUHOH8//n8S,dbeacomla
768,morteaulb@vinaora.com,$2a$04$BGEhCqM1xNJGwb1dvK65rONVdbHd1tUCw.gkQHxxPAufCtAM.cfum,ssendslb
769,hcrosonlc@vkontakte.ru,$2a$04$57v5y/FSgON8ZQUlmCAh0uZ0ldISmDBQqCaz56Pw2E9H6xI6fDrQW,sblazelc
770,afeatherbield@a8.net,$2a$04$UOE7FFget4x7pnWeS9F6gO4QqeAdw8L/8cF7Ig.qY4QFzqJFxPK3S,alarkcumld
771,demlenle@guardian.co.uk,$2a$04$BrdeuGAqMWn3Y8c1SeTRl.R3cSLQV6H4YpAetFRsCQoRvhRrMhJOO,jmeltonle
772,lwaggittlf@miibeian.gov.cn,$2a$04$Kn326.B3kIfMOBIWqkQtdey7cop8hRQbz5CuobdtIcRkj7IMH6Vju,sraulf
773,fglashbylg@marketwatch.com,$2a$04$b7nl4OXGfsWb9QIvpKm/JOwC5cgeMlOGQhvCG3nhsaZzgk2HkZXs6,hmcmurtylg
774,bpleveylh@wired.com,$2a$04$cqe6cVAz/.g3ErwddkIYL.1CgIsTgtA86AdsPEaXgzdCGY03unilu,warboinelh
775,greilyli@histats.com,$2a$04$UCupGsdz9RByHBqViPquiOudfNufp7Ehm5E0cbPsPpY7XTkhqQoMS,adruryli
776,vwinmanlj@china.com.cn,$2a$04$Bgn6/q7zKmEFaQPNbqAii.rDTSNst6DmUALyW6ro1qE3kFOl9U6uW,gmalzardlj
777,sszymczyklk@icio.us,$2a$04$QaPbJ6WZupfNygqcnbRm.OrMUtRybZmZd0RqXJ/.mhkplm2YcsbsO,rdallowaylk
778,rcraigsll@hubpages.com,$2a$04$9xFbCOQE4m2DkU66/ygKyuhrp/9NBAF9WSrA4wkVyJXvZGpBLJlw.,mrymillll
779,jkevlinlm@tumblr.com,$2a$04$p1Pcab8SCrnxIGiEPVDbju5Un7j6E0w.sbdnWB0w5ox/jHERYx5Pq,lalmeidalm
780,gnelsonln@house.gov,$2a$04$1ubvVvNblK6x53m10X29AOb5yIsSFCU2EwFlu4oWipOaIh6IQ9a3m,nfrippsln
781,sgileslo@skyrock.com,$2a$04$lBnXDTEbGG4wd.A01Hi5EON7PLieuTVfDzI0B/2ocL/ZLRrCjmMru,mmacieiczyklo
782,middendenlp@upenn.edu,$2a$04$5Bp2SI4pQ1C0FlU8Rigug.zQWxqtXDFm1vGW4oc3RgtJKx6vnr7wm,lmillionlp
783,ddenneslq@imdb.com,$2a$04$PiCLuFFHXoUywRB8U4LuduwP2GnhuP9xa8OeF24WlIiN76RVFB9l6,hhuglandlq
784,ifennelr@opera.com,$2a$04$a4wbZ4.tEiYzOnhm0J4bAedd58C8XHyPg0sCurB/B2nfk4L3qvEy.,ltrevethanlr
785,kburells@nifty.com,$2a$04$1o36RuecCyRB/goZJ2KKVOhN/T.45X/.mm0/dm03kXSYTV.EwyGx.,kdelascils
786,ogoveslt@github.com,$2a$04$AOUAulKNePwPrOdWQ8ytRuHIHu/k3PpWXukvWfabbPephZhQbzJPO,jneilsonlt
787,jkinnocklu@google.de,$2a$04$E4OuWzzkgd59hARrQfhS8eFl9d4cSbYCGhQcj8Z0pAySPZPFa1G7W,wmynettlu
788,ciblelv@nsw.gov.au,$2a$04$hhqC8D/gvFDmcLw9LtVKF.ryKGLpFrPNaYs0z/9Ijt24ESHiC/R6y,lrichardinlv
789,hcoltherdlw@wiley.com,$2a$04$9FmKNQ5aGHDE1c4ghPL9Ue0/kuvUViDGGg5baJMYVNp34znWbr9O.,bbeekmannlw
790,rroblinlx@si.edu,$2a$04$1mUYzKA1TsVZHmCfJWR5ReaRZmjR7p0vuJr.nTw0pMGacuOLP3rtu,aclipsonlx
791,tmcquorkellly@dell.com,$2a$04$o9TqWRq7cw4sPo72m4u.T.f0duGAY1MbM3WpPn3t3uA8CvdnMusCC,ccroanly
792,amcnelislz@toplist.cz,$2a$04$0.cDM0Se2zz0hbFFJB7LEepbggnM5z95Dfqd1pn1FdL/Rcw.7Vb/6,lscollardlz
793,meyreem0@nba.com,$2a$04$Dr4dqUZZv0P3J8zdPcpFaeOZ1qbcbj9pKKbMTeMEpXlvZOizjYLXS,hmairm0
794,ccuppleditchm1@bing.com,$2a$04$JNxZya0CIX2ZNum4CmfhxuEoSlvtgnMlodj4qVU.y7/mO3LP.5fPy,dserrism1
795,mjeffsm2@ucoz.com,$2a$04$Ct2XMyRWimICUhe7tPyniOEISydgCO9fQyYXT/ADYpOEndxyjxM2e,mellamsm2
796,kslowgrovem3@artisteer.com,$2a$04$F/4L6pn.XbuOVsHMLV4YWepLdK4.fVgA2ktP/yEDwGCwF0MwSNwey,jduthym3
797,wbrannonm4@photobucket.com,$2a$04$51jsV17mtzjuGZXFkIx9SexKSOqJzKG2hjlzIm1/aZOuY5Ag67zZm,emelwallm4
798,jdanihelm5@digg.com,$2a$04$CvktUxGoCSfnJMeNVIrzrusG7rX7HahQzR1i7r7iJ4sYa00NyOnq6,acavaneym5
799,bmyfordm6@macromedia.com,$2a$04$Zoveide8lJj/1tNLy.1pE.FxXVrHEABnlKh2rMnsoIu78t7g2DeD6,iinksterm6
800,lmcgeochm7@unesco.org,$2a$04$..Oke0BZsue/oVh5k8apquoEQMM.7dQh5OPBcalUzikguuYPlpAvC,dshillomm7
801,espraggsm8@google.ru,$2a$04$M.HCrz.WzCxw7srd6BHsIOXaaMEjOHvkflCAMvqIezqt.ZMqLeDSK,bagneaum8
802,ckreuzerm9@google.com.br,$2a$04$/jNDlyEbe/UnTuDaHLTuJ.Ke/t0YaojUOtOLhSNYV5hVdLAvvRoFC,jdambrogim9
803,agarralsma@ovh.net,$2a$04$xDlLB0VYOutcpLrZOS5ToemLoNznrE8pNt59NrSa/yq0.XbjpVKiW,swalleyma
804,vlidgatemb@adobe.com,$2a$04$oRozVMhGfU7cqjS3NRMGPeegh9.Xh/GWN2wVSOp.jvwq.dbQHrXse,ldamarellmb
805,dbarckmc@usda.gov,$2a$04$vg0YBV5ZARbXGtAAyfW0rOSXvyLaQG9hu191C4WpZFhlRB8P2jUG.,csewartmc
806,gpullinmd@mozilla.org,$2a$04$l.SumUnikOqnQNmxzGEyj.mR/4WpVUzBA02X2xe9IeCOo3PmKzOmO,vmacellarmd
807,cgiannazzome@wsj.com,$2a$04$R3Uflb3syjXkezZOEXI7lO0j6QNmHub.9q/7D0YKMD0gMCvjjnsCC,aeastesme
808,amanaghmf@amazon.de,$2a$04$3Iz6aJllj7bhtith42XgzOp18jauLiT0OecvZH4z8MlxqvlOb8SVu,gkimmmf
809,sbertolinmg@chicagotribune.com,$2a$04$P4wa/3xMPkLPbt26pkDt5.sbgxlnbnmuh1rPY9qkHiYCpmWjZRCIC,gscurreymg
810,dboltemh@github.io,$2a$04$e/lOCRbEww9D.2OfHBXNGO3l1wws7QOIR0EODht1rkX/Y/ON2JBU2,jdinceymh
811,rskeatmi@topsy.com,$2a$04$sdtWMxTWC3leTkem/8Qo2OSYRENeRdOwhMIU.Nps5iriXOK2rh7UG,jcowpemi
812,vdaughterymj@example.com,$2a$04$4heqYGEKxj3TiYm.34ahfulciDpmGzUNr5bLY/gOXNoTOsRzzSa.C,akunertmj
813,rmundaymk@wordpress.org,$2a$04$4mJQ1vtdnUGLS0nedEd7FeVJUzovy8eio685yLPMNKsBrqILZV2rO,tvanthoogmk
814,esantusml@mapy.cz,$2a$04$5KmgtL81RzMaWBj1N5KDlefTo7boOem3mGsYn7Ek5HX5J/h6vQIFS,bjosiahml
815,abramermm@feedburner.com,$2a$04$p7/iAIxTv2S8FSFaMvUSKewKwRctKduiZ1ePeaMckfAOs6Zf.2YDK,dhanselmannmm
816,kskeggmn@nyu.edu,$2a$04$rohQ3qiSHkfj1lIpy..Y1.mJEGwkNtg/aNrTl/IQXCH/ZtQat9H7y,lpaoluccimn
817,gnieselmo@feedburner.com,$2a$04$CPBX7b.gSNc6eoQm6kq3tOA17TSnfvtlQUwq5M3bcos/QoFBBLREG,dbracknellmo
818,esheldrakemp@tripadvisor.com,$2a$04$dAQ1cSwzoWCaZjLhpJxITuldm.sqBBHXimDB6ZFJLyLJwW6/tzl/K,lroomp
819,rfranssonmq@redcross.org,$2a$04$Rw0UlgozUI3xdjfIIQEihuIhFO.pvOMzySeRzC2yUfvkDAx99Shca,jewingmq
820,esimmingsmr@vinaora.com,$2a$04$Iom1pgsuwH/lFDVKbmg91OgOFxvRTImlN1mk8oErs19U5VVW8qR0i,ygraalmr
821,lgiacomettims@cmu.edu,$2a$04$ri2NyhGavtGDsUx6pNtkHeBMRDcGdpUxXfA0zUSicKDjovBZv431i,nmogiems
822,fstoadmt@mapquest.com,$2a$04$t4JbsVp3mNuJPE.anv/fS.B/lZXl5y4FUBVfUZ5hRlGh6FlRcD1kS,awelfairmt
823,hshaldersmu@salon.com,$2a$04$qoJLoutMh9UUarzfolcH..UoYQyHmc4vm3OWF1tG/MUrKJJBH74U6,mbastonmu
824,cchartermv@uiuc.edu,$2a$04$J5SPDPQUBwhadkJeS7GzbeX2ZEGRMO8T6nndkVpfv3UDZZEBgnqgy,jsuddickmv
825,lcampagnemw@smugmug.com,$2a$04$FADzjtL4VaszgoWX6fBfu.XFxM6WirFQxDEW.0cFDnILnKmoIFnLe,mwhitmoremw
826,lguernermx@reference.com,$2a$04$SCaKqho4r4obb.l2TtQoO.U6N9z0W7B1D0miDGX.id/ePKFMRAC9G,stomasikmx
827,vloftinmy@guardian.co.uk,$2a$04$6a8domHMl4hVao5DDCjR7u07Te3anFU3kleNMKbRcK75rBi8bDoUq,kbevillemy
828,rnaisbymz@hao123.com,$2a$04$3r2v3Wyd/FgtmaH1At.WHeTgIjVEpeXwYLSJYhg6bGv1oAGCPNNvW,wfanningmz
829,jfonen0@microsoft.com,$2a$04$.kIiqNF.9Zws0d9TyWNGB.awW60UKjk3quMPs79U5aTIwRzx18rf.,astaddonn0
830,cairtonn1@instagram.com,$2a$04$6w3FAjjDm5w6bv2SWPlivOrCqYmH8xLQgR5bP6B6hvGf9w/d4oqyC,jcharlesworthn1
831,lrumblen2@cyberchimps.com,$2a$04$e7ZV.TbIEkGZltpVKjFFneV0n09mvcJ88fmIEGqMD9mQMp04VRH86,nnoarn2
832,hcockshottn3@slideshare.net,$2a$04$rXInwjyaLppkcl3nAOtpZemKIQ5OY1fRBEjdoCqjuD.3eDs7iUfra,dfieldenn3
833,ccrinionn4@diigo.com,$2a$04$7mwLy51ul0Zc3Ly1PaqOreg5znNlVSFI5.wATAYZDKiMaxAEfuLp2,bbohiken4
834,jminellin5@opensource.org,$2a$04$6czmvawKSWcaEJRyb6pvPOYLSPP.dWiLJ/pX99q6hCkrtQWLj0g2a,ebreezen5
835,ddebiaggin6@1688.com,$2a$04$hF7BLINhIiqW2JCMOP.J9.Yl79Cd5cec3wSoET8CuYqUR.8UaJbN.,dmoorfieldn6
836,syarwoodn7@blogtalkradio.com,$2a$04$qavQBD7RzsKTgyqIg55aAOYuRp7dlBQ19lzN.moL1/WHfW5ivLkaW,lwoodgern7
837,yklimowskin8@ustream.tv,$2a$04$2DfBu5Yn6FdY.9JdYgtb8u.OQYWowbcbeVkwlfNzWDgHDpWJyVO/i,jmillettn8
838,mnannn9@google.com.hk,$2a$04$ErO2o024Zcgy6qeszDfdy.bw5PXjUhP14t46GpNx9t0/zkPx8Gbfy,bmadeleyn9
839,rwahnckena@sphinn.com,$2a$04$K7bnfXHOkzFb0xOMK0Kv3.UaEBzM8Mir3L0PEZ2gtz.H7jwCyUzWa,ekeyzorna
840,fpocknellnb@posterous.com,$2a$04$ZjklbhjpyvJwMB6iOdXDNu5tDybTmIp5RMqkhoodU0uF7Mw3zJJ4u,mseemannb
841,epieroninc@cbsnews.com,$2a$04$ubpZ/b2CygCAamNdL4HbyevbJjvBxvOaIUJmhUlfGb4baDkzvm70C,beminsonnc
842,gloddonnd@gizmodo.com,$2a$04$GHN1stJY6tQh/nqHQzIYguTeRCAWnkhG8tHchQXoAIuDgfK/xXXFu,shasseynd
843,jfirmanne@newsvine.com,$2a$04$XdLCa6.nS3uCwHxaqhCqVuK2CjOLeuuPl/noz2R7.KCy2BLGCw/hS,rgerinne
844,jkincadenf@mtv.com,$2a$04$mY58X7QXdBNinq1MSuZ2KObsJq8CGQzlfsKqVg438cmq/2QAKHnIK,chuxtonnf
845,bcornelisng@51.la,$2a$04$Gyi6PLTJBXFR5LVLYwizAe9xqHFHCmFM8lWKGkbtjd6F7wq9jORD.,sfranzmanng
846,svogelenh@sphinn.com,$2a$04$M279gWcd0bqTuyxyEt5v3.msOss57nQTikYTF7egPyR1emrRra46G,mdelahaynh
847,wlifeni@msu.edu,$2a$04$QxDNuxx.41DVxyeRDQJQj.y/s5E8KP36aXaFFfGPMYltd39Vz9yqC,bbraksperni
848,hblaiklocknj@auda.org.au,$2a$04$hp2ovDpQ9HtwxfAXs/hTp.XNdV08c73xrgORTpA0fASMN/dqWQ9eC,rrabbetnj
849,ccrannk@tamu.edu,$2a$04$cRQTkRcY0XQyAFyYN2slTOi2AmIRKpcmz0zBhWa9wHNCfRo7n9aBS,mamottnk
850,earchiboldnl@squarespace.com,$2a$04$v51thPYerkOkcwsMhORRne4jnhHTHqBQ8aOMv2nTXK4wWjQBlgYYC,cohollegannl
851,pcoopenm@163.com,$2a$04$ZTsIX35t2pvtwohFLbbylupfBAYYJ8imY3yoUtHoI58ip4q7Jq2u.,ctuisonnm
852,nhoolaghannn@slideshare.net,$2a$04$.92KLusv9pNIo1qelEHiUuclM.fxRH1xjCglE8ldFYjyxrt2FdrvO,struinnn
853,kgroomeno@princeton.edu,$2a$04$6jJPAYdOvKZ8nXotNoH.lubP0kQJ9IcJ7PnMVQmT0NpDnHuZ7oEsa,bphilcockno
854,pnazernp@weibo.com,$2a$04$yL1w./tU6VqdbaPOv2e4Y.q5nrZqPhmgEsEJWKSH2e05pV7dKmD/q,kbeachnp
855,sgoldsworthynq@netvibes.com,$2a$04$hskcfim.3MCWrmKdyYHzKuFVT66M1ijqUYT0hTpdC9ziqIlx5iQwW,sholbarrownq
856,gbradbrooknr@slideshare.net,$2a$04$O4s8mxhcjvo5jL0JDqSwluLIrDDwMMHuHn203C2CZqmObtzRM/Zva,hnaninr
857,battacns@elegantthemes.com,$2a$04$9M.l/8K0AukZ/ixgAOWCdObuYE2VLaRojOSDgPJ7bRdGO1ysKZp/e,atootalns
858,sfontellesnt@surveymonkey.com,$2a$04$Qob9EFRsaZ4ji/9VXYk0Zu5Ks2TYzdcLRAhU0KOW93CSUZY0XnBxG,pvonoertzennt
859,slangdonnu@t.co,$2a$04$UP3Dd13KwRhzKQEk/xopv.bQ3hrZIr4vDd0qq7oHUztG0pH.dy3YW,ndelucanu
860,abunchernv@bigcartel.com,$2a$04$iAx2Di2t0tbNshTmco.0seMNMZO8ndzTdGvx34OLHT2lXWmdHKWv6,aclellenv
861,swhinesnw@admin.ch,$2a$04$JU/Q8pR.aXLgnDKqPWrDhelGYf6ke.8.fgyAS1kwLG/IYi9sMU8Au,kglozmannw
862,rcharlestonnx@yahoo.com,$2a$04$0SVwbu8cH81zfLhVr/Ghi.35hYeXTXHXYNFG3sEJd571FrRyf6hxi,pcaldecourtnx
863,ccambridgeny@amazon.de,$2a$04$o9vzGiBz6uofhZml/Xy2NumyzFIP0Bnw5D2sq2WiQueedAkp1q.1u,gjuggingsny
864,htippernz@oracle.com,$2a$04$nd5sZxbVLqo9ADOia6CgMOMEFKguaD5HeRJCIezpP6T/wp5/L9fFy,kbroadberrynz
865,tlittlefieldo0@archive.org,$2a$04$QceyvBuqrWFylHbSVOdp3uvxcNjBr23I0YVKpAzU/u5c8RMGFKvSa,brosellio0
866,eburneso1@google.it,$2a$04$kyEVtS19dIIYMbwkCGg4x.M.wpSY1AjcLs.gjriVQTibRbaTMEK12,alengleto1
867,tdessanto2@rediff.com,$2a$04$mSDziXiF5PulaceLPjAPY.yE.rBPENa3uTGcwPlHxkrhMhvgFdv8K,tcramero2
868,cbrussello3@pagesperso-orange.fr,$2a$04$P/NX2Uhp//oV2/QPqQcl7OceL4upzgMbz0ji09KIuEFgCyOCMJMGy,rquinbyo3
869,lsodoro4@vkontakte.ru,$2a$04$LL9NF1GirxLOWxwUHA3CXu.EYfRyHtgSiLd7W7HMOLsk6rBz9rfhK,ecapitanoo4
870,aduthyo5@networkadvertising.org,$2a$04$KiwIU8I5DvVSJEdmOZ4GFuVmoqHgh/28R70h0jQCPmTRUKR/ZzOWu,mgriefo5
871,bpechello6@elpais.com,$2a$04$TRlkl0tMzZT8gol9sjD/seT41PAlISSM03p2KKS9Kz.jI65Jc9fJ6,cpratteno6
872,esalto7@bigcartel.com,$2a$04$MQ.Tzupm.4IVi727KiUoiOChGM/hPuuIwVPaLTsJfM5ujEBV0jI8O,rbrancao7
873,ktippertono8@odnoklassniki.ru,$2a$04$4PPwWGaeollMz/FSDenEZ.eWhvrMEJaMI3Lk5Yc3uAHK0OeDwZVQy,abennikeo8
874,ktrippitto9@mail.ru,$2a$04$nz1Z1VnQn.VCd7jGxIznLOxc4lg9GwFYL8OsJ.dazwsprGcNWGFCW,mburleyo9
875,kbootelloa@hexun.com,$2a$04$SAV4WeDed1dDozFZFGdEde3cI0hoxutmIoTiFZi08v2Ou2Fa0zsEu,abarnicottoa
876,eelamob@google.ca,$2a$04$DFUAxX31ng3ILAVauRZU.ur.SaOmJCJ4WYWFXaXdw4ZszM2PixQu2,mdovinsonob
877,tileyoc@xrea.com,$2a$04$kn7Kr6rHmtzIhtJekeBoruGNY7y5KbOswYR/Qn0exGz17LQqCSEZW,ctryoc
878,bblesdillod@toplist.cz,$2a$04$IRwXKHAc9r/z2hTrDhH7f.t5pl3KYQm/FPaeh1b7bEYEW8hG.6/Py,tkytterod
879,cmacconnelloe@apple.com,$2a$04$jMRCT1AzC/KspCFTjGAo9Ocz5wy860ejMxcxZcZqce7lwZ9.KmuhS,gsmallboneoe
880,dcromieof@chron.com,$2a$04$YWFPWJx2L2l/xIpqp9mqmeXP2s6f4T/8pyS1MdnvZq0eat4DC44AO,gduesterof
881,gloynesog@theatlantic.com,$2a$04$7ztIJb0eJK7MLWs2NO50/.twvZOZCTUCcyOy43s/Hg1sIenDRPm/i,mstaggsog
882,dlorenzooh@pbs.org,$2a$04$c80Jt1ULvxJYTxwLK6/WzOR9i2O/F819x2kBx9JX2uCgOViYDrbfS,wleinthalloh
883,cgreensidesoi@deviantart.com,$2a$04$4l6OW3122AdxpVNAWSgDROYFhOQItXwdZTJjdRu97YYIu8uojYk.W,bcesconoi
884,jdumbareoj@prweb.com,$2a$04$OHv4wP6fm.zCqdE//svN6Onzp1k.LhXDvD.DngC2QvIIqCP/uE/c2,agreensittoj
885,rmacguireok@jimdo.com,$2a$04$qZ0U6ps5TGACiGxeYzQxB.ILP21n2Rx5LubjftdG2TNyS0pHuO9vu,vmeddickok
886,lnutleyol@ibm.com,$2a$04$NAeFbb9HFbMXp4XWPQ3V0.ade7Ysfav4QtI7QAP7MWc/rwcOJqkR2,adrengol
887,mankrettom@yandex.ru,$2a$04$vS2ZGWePkFL4mUYXzB2OiemFm3xk8rDFlFW1a2K3RrPyTDLseM3se,sdivillom
888,gvanyarkinon@umich.edu,$2a$04$p3es8slhf575VfyVxTDRgumn.U8mK9R/P9kI3vnt1KWTt7kTu1Mwm,mfairbrasson
889,ohawkeswoodoo@i2i.jp,$2a$04$zxzCyF8bWho5/k9zGhJ1.uqhxqpDNclGbuhM6I84emzSZPXQR1IMm,feasthopeoo
890,rbrownop@dion.ne.jp,$2a$04$8.m14ypkJWeSuHsjLp6FbufOihpcUfd.SBMbfoLxTTBD0QkpRd6G2,pmuttonop
891,mbettertonoq@hao123.com,$2a$04$2buYRuKZT1fPGT/TO7VL1OZvP7BcG6G9qyyEzUns33aSBGaKOB/dO,mmarkovaoq
892,nreaperor@addtoany.com,$2a$04$1Y7HQgI6yno8GFgM9e6aiu7PxlbLW0KUR59HNOwZFt4RkbLiv6iEO,lvanichkovor
893,htumasianos@bluehost.com,$2a$04$qQeDKcq6.H4QS12O4dPwpO8h/xnmMD4c9TXNPByXqQIeEj1dhWK96,kandrinos
894,tmalinsonot@prlog.org,$2a$04$HQOAIjOWqrdK/1J1jU4TheWfH7NzlxZbJcp9gcs7G84tMLUs7b3q6,dsiddonsot
895,ecarslakeou@utexas.edu,$2a$04$GRoS3q9e/MeN/cZVH5T7lOplfEa4nykeNP3Q75fCsRw5AveMiKjYq,rkonradou
896,blighternessov@ihg.com,$2a$04$gZNZ3e.hkBv6VaAvqiQQGuyrASELLg2EmgpVkE1RorOTY27FoM9Du,ntedridgeov
897,tcammidgeow@utexas.edu,$2a$04$qlb5QEKNGG1K1YlbNEqGtOdPK6eCgJEbDf617gD/MFoenHvjKsXui,frosbottomow
898,ssahlstromox@surveymonkey.com,$2a$04$gdmYwcZe45yi4aRddzIm7.ehSdzXPLif8N5Sn3gR..cH2ZWiFR4oi,afaltinox
899,gbrockestoy@oaic.gov.au,$2a$04$CoLIIww7k58//OsJLpdh7O0vl68RrzjDzv5qJFCKcbEFHs9QKRQq.,ltomkysoy
900,lskoughmanoz@reverbnation.com,$2a$04$AVuIe3kYmOThsmVHzbYtwOBLSQomcIV3r75S5opWpFVQ.NUf5m3Ue,emcavinoz
901,sklempsp0@usda.gov,$2a$04$KXF3ECS582wmMPjIwCxjmurtweBJR2TgPN.t5uv45XUtx02F4M9j2,pgowarp0
902,wfrostp1@rakuten.co.jp,$2a$04$Py6OpjPjo4yijwMDiki05uURAAEk61bHT9eNtM8cu6qiFC3BI8xZK,efawdryp1
903,jharroldp2@businessweek.com,$2a$04$JedbcqLMB7ICKrGFoevzquvfgl/HAa2KIeXDx77yyqTw4RUrDJl2y,cmundyp2
904,deverestp3@trellian.com,$2a$04$K04eI37kVbGXnETKHw70uueovTUtRPiFakkD0v2eyo7Ore78771mi,pjoscelynep3
905,drosenthalerp4@alexa.com,$2a$04$yZYVwagQ4AuBUPVECGyOn.5ZpW4lVQCWIKl8Qe33jUWKUGzj0rE42,segleofgermanyp4
906,tknevetp5@xinhuanet.com,$2a$04$3awk5iUcjJDUfIpTk8Ds5eglJUY1784QmS2Wy/9YRXpz6awHPUkAq,hnicklinsonp5
907,cjanczykp6@engadget.com,$2a$04$XJmibepM2MSSfU6KAEllkeIrAy2bSopJ6Zw9KGu6S6vpaqZTlfcSi,jsalvagep6
908,bmccaughenp7@deviantart.com,$2a$04$9SiMg9kfnsAmC1l.qR6cmOK6EfJYyk8g/sXu/w8b6zMTi7ME6PVSW,mreimerp7
909,hgirlingp8@ow.ly,$2a$04$CiojAcfRSBO4bO3HEeNf3.P.rP5kRIEs6XVLicyHONXUl19NWf1K2,jrenshawp8
910,mmillsp9@angelfire.com,$2a$04$fOmgEhkDNishBxxaMS3gLOXucaXcEjV87U6cz/Iu.7h3YwsIqmtXG,rlackintonp9
911,jabramsonpa@networkadvertising.org,$2a$04$2UA2lrdH05Va6y0u3vKRY.4v5zo3UR6fwSAsYA2wjV1qjA5PEt0cu,tbertsonpa
912,tbrudenellpb@ning.com,$2a$04$QRnMLQ2arY707qgkKDuyHucmjtbXrqxiNLSKTB52G/IbIPNHwKkXC,mhightownpb
913,htebbittpc@howstuffworks.com,$2a$04$95iK5Y5Ukr1WdmvoiW2ci.W4jj4WOiKYcSNd0bJof6OrFujNbMRVC,tmelmethpc
914,djealouspd@github.io,$2a$04$VEeKMYtjRrY1fq9SLAP/jus4G72Uo716rErDX3AK72I0XqpA2JWPS,edeminicopd
915,rtheakstonpe@google.com,$2a$04$y5wmWuJNxbzNL/6XxeGwk.xfUjMPTkkN/xw8FH.62SuFff9yUeeOW,jromerape
916,tsapsfordepf@desdev.cn,$2a$04$O09gIKhfI33Yx0ZocNv3/.eUH1oDk.PU5mm5KDZVRtalMHpDbMjk2,ggiddonspf
917,bferrillopg@discuz.net,$2a$04$EHgg0NC5CPjAwKf5kE4BguTdkakhGH296rdXeA0m4xnvDjep4pHQm,jadampg
918,cwitherspoonph@samsung.com,$2a$04$ofZCo8m3PfaYLyEG6dfFHOUMNtBIf3RFxHi7Pz0pFY9jUAD.di0d2,oleaknerph
919,dokennedypi@bloomberg.com,$2a$04$tGqiculhXtIgpqL/ljtTbuIsnOyiTix4cWWKEmv3TDexokQki6Uqq,fhandespi
920,dpietrowiczpj@netvibes.com,$2a$04$t5prjgs3gnOHgvekCXJM8uZN6zmjqPk7LII/T3omOOeSz6PnkEmwG,mchilderspj
921,kgoodsallpk@hugedomains.com,$2a$04$/KLNmKky9Jft3Mh9WkNLCOiWDJYm8oPya9garbL7t7OaEqVkN15jG,tandreolettipk
922,pcarlesipl@craigslist.org,$2a$04$KVPLQZtvvvCb2YzIEypnK.JYu9hvwi0XrMpl9DMly7NcGGHgb5upi,ttemporalpl
923,bhrinishinpm@myspace.com,$2a$04$NQ8MdhZWR3BUFaaz6gtsAOu2Z6hUrr8QRMSAeUhDfKj8RDE8msgZq,asircombpm
924,rfaradypn@noaa.gov,$2a$04$c.NN8wcbStLpRNwvjJuYCO6zMCsAel3Y2CPopZVotbZFySvtxLjHy,dgovinlockpn
925,lnewcombpo@behance.net,$2a$04$piYM3MRaXratVpvDBvgSoOLdfg0VRxeVQnktPlgOm/ouieLf/5ZLK,aplaidepo
926,emathiotpp@wikimedia.org,$2a$04$Nq6OxWP5MEECLjdOhuCXF.12Chyhjh0tzs18AwWOxR6aY1m9iaU8G,gfilippipp
927,rrennockspq@friendfeed.com,$2a$04$xV0gQLnqi56lIw5WBzPXluLpgilGCKFJfa7rUClnIfXTe3C.VCDFG,vcaulwellpq
928,ckopmanpr@mtv.com,$2a$04$QqW/x.VhQPrYGRGW4hD.d.8MNIHmSyKoxgiR.vqB7SvI3GBL7RVOy,lsmewinpr
929,atowneps@archive.org,$2a$04$KtauwaG/ah7yUgmh59qmgukPsP/whAq8iJ.Mht6tI1bPK3LZ5QaS2,dguichardps
930,nmorisonpt@upenn.edu,$2a$04$rbTQdzf0qahaIV2uwbKN1uE3Z4Vnp8NDnjkuhfetWW8XPR1UCOtsu,sneevept
931,zarnasonpu@twitter.com,$2a$04$NdO2N3dLE5mi2lTty0nasOFDACt7JB3M.EydKT.6f3.MLeez4h1YO,dcrocettopu
932,mjankiewiczpv@newsvine.com,$2a$04$ypsEGuwMQ8JwExObPfUdL.EHAHzi6la6MB8hki51eafrbB13bD/5q,rreediepv
933,tgullenpw@livejournal.com,$2a$04$BbDpgyifdgMYz3eJOm7kZuW4NfyvjSHOU2GzlpjusyjvLE4bpe2wG,bturveypw
934,agenickepx@archive.org,$2a$04$GBWLmojqasPBw4QCflQe/.CN7yFOcHtFqhNDoakbAgR2Y4I3taZHC,ltomeipx
935,shackfordpy@delicious.com,$2a$04$MGYSYktwwSBKZEMXFhribOKWUfgnd6O8Vxd5g7o0hLLpvcpaa2QW.,egraalpy
936,mdefriespz@cloudflare.com,$2a$04$zdbvqwJUiFC1BvNFFgwSDO38RlvM6Z9.SyiIW122CotphPNYsNgGq,kbraundspz
937,mpottq0@livejournal.com,$2a$04$Ebn6eNfssFIv61W2d6JcXO9rhFQgp/Nta9hTHVWx1cZRaAhuNffVG,ltellwrightq0
938,pwithringtenq1@naver.com,$2a$04$ug9akjQmo3d8vZ9zPZLq3uWuaIRApvXZgvuzuQTdQHE24NR1gm0Ri,mdelacourtq1
939,sabrahamoffq2@miibeian.gov.cn,$2a$04$UOzhGNbs26Z9FgpPjCLEgeQMm4KOweWsMN.O9uNjvhTYW9wofIre2,mblighq2
940,lclifforthq3@comcast.net,$2a$04$m/RcYHhmhhLc623Vp4s5qO81GTTYCH8P4EoRiUvjYVbJZt3CEcP.O,dkitchersideq3
941,rabelsonq4@yahoo.co.jp,$2a$04$ugq8gXDf1LH6vqIW1MzzOeunu6rzm6jj0dbAHRYoe7oPjjDeVZYvK,ethursbyq4
942,doggersq5@illinois.edu,$2a$04$KrnsfOIyGrq53rFytv4gXewMVCokIMeaGY1I2cju.NS1LrApeSMp.,ltarbardq5
943,cyukhinq6@yahoo.co.jp,$2a$04$cpaWDOQ0HeQTkel1ZbJ6NePUvAHKy1yacDkr/RUNteLBUcWIngYU2,tyegoshinq6
944,cdyottq7@businessweek.com,$2a$04$X5k7.x0iz69Z0nUAUqpSW.rXkYU/iABDrX08YfdzOX0rHI5TYagpq,abatsonq7
945,maspinallq8@umn.edu,$2a$04$rGlbmeOpTGE3NK1zsP9jzeyl3aDEbSV1KXoRSPtw2T5.Xx8OoVepS,plukasenq8
946,pmckellerq9@foxnews.com,$2a$04$ZuFzH/ZeLy9WZEyPaI0WKOTZxbuc/VkYi7pbe8QW3JcZKYLIkA7zy,bdegliabbatiq9
947,afishqa@vinaora.com,$2a$04$zaxHgx36/OPtr7enz1ITXeNrxTotqJ3HkOfUPwizgVtl/BICo2EWO,lklassmanqa
948,mnapolioneqb@ameblo.jp,$2a$04$GXdsir/Gk8VPdV2.N6W0nuxNnV8OQ/smWseYeQrPDzC6B/ckYnN06,scrumbyqb
949,ccantopherqc@mtv.com,$2a$04$F382TD3Vtyp/0X4yHD3AOe5SBu3dr51Rfx63k1LJK0/lU1Qep0C16,cvanschafflaerqc
950,mbarthelmesqd@oracle.com,$2a$04$6Z8DliWZJamzhPKFmUars.rkPYvfxuBaW8Mcu2Ow8N5hOp3vXGEAu,fkendellqd
951,mfayreqe@mac.com,$2a$04$U2T2s/3X5kHtuDgSEvCZ4.NJ6LxKA89uXtok1YSK.COEZAGT6nO/a,srhodefqe
952,jsimkoqf@theguardian.com,$2a$04$nZpglh8R1DnBEUebFqOsm.COP9kPoic0SdZf6uJyQXIczpD2qpG5y,jnajeraqf
953,ldegliabbatiqg@msu.edu,$2a$04$FfJGmBGlrSp5GJsnzQvnE.oVoDF99Q9lhLInAS6A3nCWZgfSukLIW,betterqg
954,hspaldinqh@prlog.org,$2a$04$TRA/cbT0HNptTP9Zd9bppOeq7l1PXyd2nEdNFDpumQgJURT2/edcq,lketteridgeqh
955,mhumeqi@apache.org,$2a$04$No811OagtI/9XZfVZttjhOQG0uB5qrsxziTljg9T0NeLfC6iqf21O,alamploughqi
956,ssnufflebottomqj@cnn.com,$2a$04$kbFGeYMbUQF.PUq3BAcV4OteqwLqWGI6i.DUTk7Y0wRdcJ1Gsxllm,tgilyottqj
957,lpembryqk@live.com,$2a$04$MGYfJTD9sjufPiX3GLRdQO.Ju2Pd.MeZUULIZF07GCk/TnLHTOm76,sscrauniageqk
958,dnelthropql@adobe.com,$2a$04$J3HzGh80d7pkbXff0WTekuLFJaGU4IFyJeHvujIDVbNQmmhRxfo/y,msowteql
959,tmorganqm@youtu.be,$2a$04$RCwYcew1lMk5aX8RYQ3yceWzkwX.tQ23Glb59Qvcb9.Td0wFNlulG,hclelleqm
960,ahartlesqn@seesaa.net,$2a$04$tYpuN6wC4ogmVdOgsgYqS.KAjUO3pqSZ046OXH7sl262loL6pLPAG,wallwrightqn
961,opammenterqo@miitbeian.gov.cn,$2a$04$QYlZGnVIobAU9IWIJTAov.EJG7y18P5EavD2NQmny3b4iowdrjVaO,egregerqo
962,emacmeekingqp@amazon.co.jp,$2a$04$Thnjh1iHTQzj8.3WNU2Ijeu4FDdkuA1SEplGDNh1PCPJQZdVc8tEm,ncardenasqp
963,aneemqq@netscape.com,$2a$04$hrc1NSGQ0qj9Oyx0SYBAEOjczrRzalJzR3LAbbabY3JYer4nHlndu,lmoehlerqq
964,mruossqr@wired.com,$2a$04$.5PDoZm9Y9ZeLNZm8wjeCurr2B7tC4AOWPLfhFb6Jz3pLuOk0Ita6,nsimonsenqr
965,darmigerqs@shutterfly.com,$2a$04$wL3rsy3f3eDXKrG3csnkQue7WDlJTiyRRlERKv2dYK9ASNbfE1j5W,acoullqs
966,wlummasanaqt@virginia.edu,$2a$04$lyp./Nhi2RH6BthuS/ve0u02lmh04nEoa4Wg476cAfIqWrR2Ca6/K,apalombaqt
967,grickassequ@google.co.jp,$2a$04$.vpyVcvA/ovFGQ7wlV51rusbSmandm/ELSQ1BZ26lTLx6TSQYe0ge,rmcdoualqu
968,jfairlawqv@friendfeed.com,$2a$04$CxzCPEwXrrbegHh66wR/T.lWQk3pSzGwZ6QoJFl/5xfCFcXGst29K,ljochananyqv
969,nhammerbergqw@exblog.jp,$2a$04$wL8Zm1e1pdEYEilyvzMsjOjdit9l51SbbOTXmOr4Fg7f7Yy8Wo6vu,meveralqw
970,mdunlopqx@php.net,$2a$04$0wRgNT9MZTFDtfyqtMoRfOiWO.vCqxMk3Q4m1y6w6ek93xi5aw10S,dduplanqx
971,tjacobovitzqy@imdb.com,$2a$04$SYxLOMOYwxCIdRyX1ulqNOiol48FpSQlwADpNZRGxD3HAbwYvz24m,jstilldaleqy
972,kstanyforthqz@google.it,$2a$04$pGrr.w4lD77nzRqI197gN.aGfaeR82xEW0XyhQnhl3KdaUsRTvWWi,gdonkeqz
973,dellissr0@free.fr,$2a$04$iA9UXS9n.NWAi7FJOrFC4.dkWnQgbeJNdJsqF3/HlO3vClBbWpu4K,scovottor0
974,obickr1@baidu.com,$2a$04$hlpYXDkeg8rmIYA4jf3zO.nW8iT/a.YxM6n0D6UG.1u27rcwvTdPO,twhittenr1
975,ldumingosr2@un.org,$2a$04$ngT1jCHP8BO7YQk5bN/S4us0jzP6XSlnokvKN3IbSgdDvHRq2ito.,hgreallyr2
976,dmackisonr3@shinystat.com,$2a$04$oSqRhNlw5m7PegmCBelK1O6DOycMTrkxMZsltHZyNaRTWwNXBnP0K,jlabbar3
977,oanderlr4@bbb.org,$2a$04$OJSkUWtLsBTIMaGRlE4bU.9fEVC9ppnPG/hwL7XQBj2ojncN5cde2,jjoratr4
978,riannellir5@senate.gov,$2a$04$nz7GkS6E4tL4UPn2qL/TA.XbhtFHbqsSRhbzmR09wgwYj./x01Xvq,gphuprater5
979,dhedneyr6@mediafire.com,$2a$04$lkDKHIf8wdPGKOu.T/bwpusyLwJFgi9A3CHLWdMPYiTXq.WcwMwl6,jjoanr6
980,ciapicor7@oracle.com,$2a$04$Yv0pwKr9rmwYdSIsMsF57eM6HcWLcEJjYmxGSpIoiPoj8/B9POutS,johagertyr7
981,ewynnr8@exblog.jp,$2a$04$XKJLnRbjELQ8/oRoDWCHSeWJk8F42WLmnRO4LpM/u7u6ndUO7MLSO,akenfordr8
982,gflader9@sina.com.cn,$2a$04$zOiBi//ZOOvFBEokHctIdui70r6pcIJ/54irZWdqL3SnnHWNpOwfO,nmarenr9
983,anorkerra@timesonline.co.uk,$2a$04$YmOJmU0EzsLLesvZFH4N4um/eVxe5VLuhw55ipfC0Is7qYpcnko0.,epumphreyra
984,mlindherb@macromedia.com,$2a$04$csCQsf8zBMZmBiPoK7LqAOkNzPmzbLZ4xeOeMNeu6AvWia7EUq4KC,kgillottrb
985,rmarchellorc@addtoany.com,$2a$04$XamM2njX8ho.357GfznQsuCaf4YsnPmGzG4Vq4ALQXg6gVGMNwiiC,kiddiensrc
986,efrostdykerd@networksolutions.com,$2a$04$ZigVJv1seRJ7lYukFoDBZelzxF2ccYfuF6vwknaSvNrbR5rpMIi1y,cjendrassikrd
987,gpeckre@soundcloud.com,$2a$04$DLu0KC.yGSXUJCPvagbL/O96qijn4zxzJQrxvFZJfp0WI2SKnAVXa,coverstreetre
988,ablampiedrf@artisteer.com,$2a$04$FGObR3kBDPSHxmZ7SGLg7OJDsobDa3QJrt567PUwVzpsBeWxr9hpS,namorinerf
989,tmunghamrg@hud.gov,$2a$04$J0K8tOwNKVyLH8ZjyN4ogunHLqYInSADugvIskmbPNYYxLQJMjkfe,etrudgeonrg
990,jberkrh@naver.com,$2a$04$4EsOh295MxehX69XjzG7O.XsrWHMMDtesozud5Vj2r40EZKD208Oi,calphegerh
991,moneliganri@tinyurl.com,$2a$04$611lyc07I76hXpuWj.4DEePXl//g21lF7oFccw87SByz2H2KvhPi2,cparsellri
992,wcleeverj@rediff.com,$2a$04$gEggUzMRNG1PkQ2W8p9pbOY/AIB014cR30uz6HK/BQJbrDQ.LR.xG,hbaccusrj
993,dfacerk@narod.ru,$2a$04$s8HGj3w.6PzKBgMFbijd1.PlttN/6Z5WFovjn7JnzDfoEIGbmNbZ2,phumphrysrk
994,cgillierl@w3.org,$2a$04$AcIIqa/Mddo.k5GMXUgzG.4sECrg1nHkZDG9w1uMgrNhtP/XqyoH2,ahewertsonrl
995,paughtierm@accuweather.com,$2a$04$AXUJRIhalXbL48v9NMfztu0bZaqzgRHLiofwe7xw02K9n6awICv8S,memlenrm
996,wwilfordrn@irs.gov,$2a$04$VFbykjGaTBt8wcnes4voCejPodf27PqYoWp0ASnTefccSChPMEUty,wsyvretrn
997,cgardenerro@jimdo.com,$2a$04$eArpGdSrjIAub6BRjvyfzu1M31HpK1Wcv0WqX0fqtZcv7b23eTiLO,pmannockro
998,adinsellrp@mashable.com,$2a$04$OBLat8QJazXKIP9nb3Mep.L/Egwwt9/4nW2OK3u4l.OirdkdM.NDC,sbrunigesrp
999,aellingsworthrq@independent.co.uk,$2a$04$Cq90K9sU9v2w7gvrQEfhFOvBpSH2GfqNnTIEt0WsjBPZ17L0OzELu,tblestrq
1000,jweadickrr@hexun.com,$2a$04$7cfWbo5zM9SuaSVX6UDSkOVrm7H31yddLPhj0ysE/cRfobyZqp6ii,dbalderyrr
